doi,found,authors,year,title,container,volume,issue,pages,type
10.1115/1.2960953,yes,,2008,Procedure for Estimation and Reporting of Uncertainty Due to Discretization in CFD Applications,Journal of Fluids Engineering,130,7,078001,journal-article
10.2514/3.9394,yes,"Thomas, James L.; Salas, M. D.",1986,Far-field boundary conditions for transonic lifting solutions to theEuler equations,AIAA Journal,24,7,1074-1080,journal-article
10.1115/1.2910291,yes,"Roache, P. J.",1994,Perspective: A Method for Uniform Reporting of Grid Refinement Studies,Journal of Fluids Engineering,116,3,405-413,journal-article
10.2514/1.29373,yes,"Spalart, Philippe R.; Rumsey, Christopher L.",2007,Effective Inflow Conditions for Turbulence Models in Aerodynamic Calculations,AIAA Journal,45,10,2544-2553,journal-article
10.2514/6.2008-3830,yes,"van Ingen, J.",2008,The eN Method for Transition Prediction. Historical Review of Work at TU Delft,38th Fluid Dynamics Conference and Exhibit,,,,proceedings-article
10.2514/6.2018-1161,yes,"Hollom, Jed; Qin, Ning",2018,Quantification and Multi-point Optimization of Natural Laminar Flow Airfoil Robustness to Transition Amplification Factor,"2018 AIAA/ASCE/AHS/ASC Structures, Structural Dynamics, and Materials Conference",,,,proceedings-article
10.1017/aer.2020.63,yes,"Hollom, J.; Qin, N.",2021,Uncertainty analysis and robust shape optimisation for laminar flow aerofoils,The Aeronautical Journal,125,1284,365-388,journal-article
10.1016/j.ast.2017.06.009,yes,"Zhao, Huan; Gao, Zhenghong; Gao, Yuan; Wang, Chao",2017,Effective robust design of high lift NLF airfoil under multi-parameter uncertainty,Aerospace Science and Technology,68,,530-542,journal-article
10.1016/j.cja.2013.02.007,yes,"Li, Jing; Gao, Zhenghong; Huang, Jiangtao; Zhao, Ke",2013,Robust design of NLF airfoils,Chinese Journal of Aeronautics,26,2,309-318,journal-article
10.1016/j.ast.2023.108465,yes,"Chen, Yifu; Rao, Hanyue; Xiong, Neng; Fan, Jun; Shi, Yayun; Yang, Tihao",2023,Adjoint-based robust optimization design of laminar flow airfoil under flight condition uncertainties,Aerospace Science and Technology,140,,108465,journal-article
10.2514/1.J054940,yes,"Rashad, Ramy; Zingg, David W.",2016,Aerodynamic Shape Optimization for Natural Laminar Flow Using a Discrete-Adjoint Approach,AIAA Journal,54,11,3321-3337,journal-article
10.1109/access.2026.3683048,yes,"Michael, Leul Walelign; Abagero, Abdulazez; Tullu, Abera; Abebe, Yoseph Mekonnen; Jung, Sunghun",2026,Accelerated Airfoil Optimization via a Geometry-Based Discriminator Within Particle Swarm Optimization,IEEE Access,14,,59022-59034,journal-article
10.1016/j.ast.2026.113128,yes,"Abouzoul, Walid; Tayane, Souad; Gaber, Jaafar; Ennaji, Mohamed",2026,Surrogate-based constrained optimization of camber-morphing airfoils: Onset location as a design variable and quantification of adaptive versus robust morphing strategies,Aerospace Science and Technology,178,,113128,journal-article
10.1016/j.ast.2026.112630,yes,"Abouzoul, Walid; Tayane, Souad; Gaber, Jaafar; Ennaji, Mohamed",2026,Reinterpreting aerodynamic optimality for morphing airfoils under continuous shape evolution,Aerospace Science and Technology,176,,112630,journal-article
10.3390/aerospace12080685,yes,"Pangas, Guilherme F. S.; Gamboa, Pedro V.",2025,Low-Speed Airfoil Optimization for Improved Off-Design Performance,Aerospace,12,8,685,journal-article
10.32604/cmes.2023.028632,yes,"Mar Aye, Cho; Wansaseub, Kittinan; Kumar, Sumit; G. Tejani, Ghanshyam; Bureerat, Sujin; R. Yildiz, Ali; Pholdee, Nantiwat",2023,Airfoil Shape Optimisation Using a Multi-Fidelity Surrogate-Assisted Metaheuristic with a New Multi-Objective Infill Sampling Technique,Computer Modeling in Engineering &amp; Sciences,137,3,2111-2128,journal-article
10.1088/1742-6596/1446/1/012014,yes,"Suprayitno; Yu, J C; Aminnudin; Wulandari, R",2020,Airfoil aerodynamics optimization under uncertain operating conditions,Journal of Physics: Conference Series,1446,1,012014,journal-article
10.3390/aerospace9030153,yes,"Hoyos, José D.; Jiménez, Jesús H.; Echavarría, Camilo; Alvarado, Juan P.; Urrea, Germán",2022,Aircraft Propeller Design through Constrained Aero-Structural Particle Swarm Optimization,Aerospace,9,3,153,journal-article
10.1088/1757-899x/1154/1/012016,yes,"Hoyos, JoséD; Jímenez, Jesús H; Echavarría, Camilo; Alvarado, Juan P",2021,"Airfoil Shape Optimization: Comparative Study of Meta-heuristic Algorithms, Airfoil Parameterization Methods and Reynolds Number Impact",IOP Conference Series: Materials Science and Engineering,1154,1,012016,journal-article
10.3390/app11093791,yes,"Akram, Md Tausif; Kim, Man-Hoe",2021,CFD Analysis and Shape Optimization of Airfoils Using Class Shape Transformation and Genetic Algorithm—Part I,Applied Sciences,11,9,3791,journal-article
10.3390/app11052211,yes,"Akram, Md Tausif; Kim, Man-Hoe",2021,Aerodynamic Shape Optimization of NREL S809 Airfoil for Wind Turbine Blades Using Reynolds-Averaged Navier Stokes Model—Part II,Applied Sciences,11,5,2211,journal-article
10.3390/aerospace9010035,yes,"Bakar, Abu; Li, Ke; Liu, Haobo; Xu, Ziqi; Alessandrini, Marco; Wen, Dongsheng",2022,Multi-Objective Optimization of Low Reynolds Number Airfoil Using Convolutional Neural Network and Non-Dominated Sorting Genetic Algorithm,Aerospace,9,1,35,journal-article
10.3390/aerospace12030180,yes,"Rouco, Pablo; Orgeira-Crespo, Pedro; Rey González, Guillermo David; Aguado-Agelet, Fernando",2025,Airfoil Optimization and Analysis Using Global Sensitivity Analysis and Generative Design,Aerospace,12,3,180,journal-article
10.3390/app14083495,yes,"Belda, Marek; Hyhlík, Tomáš",2024,Interactive Airfoil Optimization Using Parsec Parametrization and Adjoint Method,Applied Sciences,14,8,3495,journal-article
10.1016/j.jer.2024.07.020,yes,"Fakhari, Seyyed Mojtaba; Mrad, Hatem",2025,Aerodynamic shape optimization of NACA airfoils based on a novel unconstrained conjugate gradient algorithm,Journal of Engineering Research,13,3,2026-2035,journal-article
10.3390/designs6010010,yes,"Bashir, Musavir; Longtin-Martel, Simon; Botez, Ruxandra Mihaela; Wong, Tony",2022,Optimization and Design of a Flexible Droop-Nose Leading-Edge Morphing Wing Based on a Novel Black Widow Optimization Algorithm—Part I,Designs,6,1,10,journal-article
10.1017/aer.2016.6,yes,"Koreanschi, A.; Sugar-Gabor, O.; Botez, R. M.",2016,Drag optimisation of a wing equipped with a morphing upper surface,The Aeronautical Journal,120,1225,473-493,journal-article
10.1017/aer.2016.30,yes,"Koreanschi, A.; Sugar-Gabor, O.; Botez, R.M.",2016,Numerical and experimental validation of a morphed wing geometry using Price-Païdoussis wind-tunnel testing,The Aeronautical Journal,120,1227,757-795,journal-article
10.1155/2020/9710189,yes,"Osei, Emmanuel Yeboah; Opoku, Richard; Sunnu, Albert K.; Adaramola, Muyiwa S.",2020,Development of High Performance Airfoils for Application in Small Wind Turbine Power Generation,Journal of Energy,2020,,1-9,journal-article
10.1177/0954410015605548,yes,"Gabor, Oliviu Sugar; Simon, Antoine; Koreanschi, Andreea; Botez, Ruxandra M",2016,Aerodynamic performance improvement of the UAS-S4 Éhecatl morphing airfoil using novel optimization techniques,"Proceedings of the Institution of Mechanical Engineers, Part G: Journal of Aerospace Engineering",230,7,1164-1180,journal-article
10.1063/5.0166170,yes,"Carreño Ruiz, M.; Renzulli, L.; D'Ambrosio, D.",2023,Airfoil optimization for rotors operating in the ultra-low Reynolds number regime,Physics of Fluids,35,10,103603,journal-article
10.5028/jatm.v9i3.838,yes,"Alsahlani, Ahmad Abdulkarim; Rahulan, Thurai",2017,Aerofoil Design for Unmanned High-Altitude Aft-Swept Flying Wings,Journal of Aerospace Technology and Management,9,3,335-345,journal-article
10.3846/aviation.2022.16471,yes,"Ümütlü, Hatice Cansu Ayaz; Kiral, Zeki",2022,AIRFOIL SHAPE OPTIMIZATION USING BÉZIER CURVE AND GENETIC ALGORITHM,Aviation,26,1,32-40,journal-article
10.1177/1756829318794171,yes,"Désert, T; Moschetta, JM; Bézard, H",2018,Numerical and experimental investigation of an airfoil design for a Martian micro rotorcraft,International Journal of Micro Air Vehicles,10,3,262-272,journal-article
10.2514/6.2022-2569,yes,"Eca, Luis; Lopes, Rui; Kerkvliet, Maarten; Toxopeus, Serge L.",2022,On the Simulation of Low Reynolds Number Flows using the RANS Equations with Eddy-Viscosity and Transition Models,AIAA SCITECH 2022 Forum,,,,proceedings-article
10.1002/fld.2651,yes,"Counsil, J. N. N.; Goni Boulama, K.",2012,Validating the URANS shear stress transport <i>γ</i> −<i>Re</i><sub>θ</sub> model for low‐Reynolds‐number external aerodynamics,International Journal for Numerical Methods in Fluids,69,8,1411-1432,journal-article
10.2514/1.J065322,yes,"Avirović, Matija; Brunelli, Carlo; Marinus, Benoît G.; Degroote, Joris; van Beeck, Jeroen",2026,Laminar–Turbulent Transition on a DU89-134/14 Airfoil at Low Reynolds Number,AIAA Journal,64,8,4456-4475,journal-article
