no,year,first_author,doi,basis,in_scope,what_is_optimised,tool_in_loop,optimiser,metric_class,metric_detail,reported_gain,independent_runs,check_of_optimum,off_design_or_robustness,smoothness_handling
1,2023,Kou,10.1016/j.eswa.2023.119513,abstract (publisher page behind a bot check),partly,wind-turbine airfoil shape for low trailing-edge noise,XFOIL (boundary-layer parameters) with a noise model,particle swarm,multi-angle,noise level at several angles of attack with lift and drag conditions,not in abstract,not in abstract,not in abstract,several angles,not in abstract
2,2023,Aye,10.32604/cmes.2023.028632,full text,yes,airfoil shape (cubic spline through 10 points),XFOIL (low fidelity) and Fluent RANS (high fidelity),surrogate-assisted metaheuristics,single condition,maximum CL/CD with geometry constraints,optimum compared with the baseline over the angle of attack,20 per method (box plots),high-fidelity tool is part of the method,polar over the angle of attack shown,geometry constraints
3,2021,Bashir,10.3390/app11041664,full text,yes,droop-nose and trailing-edge morphing of the UAS-S45 airfoil (Bezier-PARSEC),XFOIL (free transition),particle swarm + pattern search,fixed angle,drag minimisation and CL^1.5/CD maximisation at given angles with a minimum lift,CL^1.5/CD 117 to 132; +10.25 % (trailing edge),one per case,Fluent Transition SST (baseline and optimised),three flight conditions,bounds only
4,2015,Muis,10.1016/j.egypro.2015.03.255,abstract (publisher page behind a bot check),partly,blade airfoil of a hydraulic turbine,XFOIL,not in abstract,range of operation,CL/CD over the operating range of the turbine,not in abstract,not in abstract,CFD of the turbine,not in abstract,not in abstract
5,2016,Koreanschi,10.1017/aer.2016.6,abstract,yes,morphing upper surface of a wing aerofoil (cubic spline),XFOIL 6.96,genetic algorithm,fixed angle,drag and transition location at one Reynolds number over a range of angles,drag and transition delay improved by 2 to 4 %,not in abstract,wind-tunnel test announced,range of angles,not in abstract
6,2021,Akram,10.3390/app11093791,full text,yes,NREL S-821 and RAE-2822 (CST; 8 variables),XFOIL,genetic algorithm (50 x 200),fixed angle,minimum CD and maximum L/D at 3 deg,L/D +7.4 % and +15.9 %,one,RANS (CFX; SST) for S-821,no,none stated
7,2021,Akram,10.3390/app11052211,full text,yes,NREL S809 (CST with 8 and PARSEC with 12 variables),XFOIL,genetic algorithm,fixed angle,maximum CL at 0 and 6.2 deg; L/D reported,CST: CL +11.8 % and L/D +9.6 %; PARSEC: CL +10 % and L/D -2 %,one,RANS (CFX; SST) of the optimised airfoil compared with the experiment of the original,two angles,none stated
8,2016,Koreanschi,10.1017/aer.2016.30,abstract,yes,ATR 42 aerofoil with optimised upper surface (cubic spline),XFOIL,genetic algorithm,fixed angle,laminar flow on the upper surface at Mach 0.1 and 0 deg,not in abstract,not in abstract,wind tunnel (pressures and transition position),three speeds and several angles tested,not in abstract
9,2022,Bakar,10.3390/aerospace9010035,full text,yes,low-Reynolds-number airfoil (CST),XFOIL (Ncrit 9) directly and through a neural network trained on it,NSGA-II (200 x 40),fixed angle,two objectives at one angle of attack (Pareto front),best L/D at CL 1.2,one for each of the two set-ups,none for the optima (XFOIL itself compared with Fluent Transition SST on E387),no,thickness limits only
10,2020,Osei,10.1155/2020/9710189,full text,partly,new airfoils from a study of the thickness-to-camber ratio (no optimiser),XFOIL 6.99,none (parametric study),peak,maximum L/D,maximum L/D of the new airfoils against existing ones,not applicable,none (wind-tunnel test named as future work),Reynolds numbers 1e5 to 5e5,none
11,2022,Ayaz Umutlu,10.3846/aviation.2022.16471,abstract (full text is a PDF),yes,airfoil shape (Bezier),XFOIL,genetic algorithm,not in abstract,more lift than the original,not in abstract,not in abstract,Fluent,not in abstract,not in abstract
12,2022,Hoyos,10.3390/aerospace9030153,full text,no (propeller design),propeller geometry including NACA four-digit sections,blade-element theory fed by XFOIL or OpenFOAM,particle swarm,other,energy consumption of the aircraft,not extracted,one,wind tunnel; the XFOIL-optimal and the CFD-optimal propellers differ,not applicable,smoothing step on the coordinates
13,2022,Song,10.1088/1742-6596/2217/1/012009,full text (read in September 2026),yes,NACA 0012 (CST),XFOIL,machine-learning optimiser (ActivO),fixed angle,CL/CD at 1 deg,+220 %,not re-checked,none,no,none stated
14,2018,Desert,10.1177/1756829318794171,abstract (publisher page behind a bot check),yes,camber line and thickness of a rotor airfoil for Mars,XFOIL,not in abstract,not in abstract,not in abstract,not in abstract,not in abstract,designs of each step evaluated with a validated higher-fidelity solver,compressible and incompressible,not in abstract
15,2015,Sugar Gabor,10.1177/0954410015605548,abstract (publisher page behind a bot check),yes,morphing upper surface of the UAS-S4 airfoil,XFOIL,artificial bee colony + BFGS,fixed angle,drag at many flight conditions (speeds and angles),drag reduced by up to 14 %,not in abstract,another optimiser (not another flow solver),many flight conditions,not in abstract
16,2022,Bashir,10.3390/designs6010010,full text (methods; results partly),yes,droop-nose leading-edge morphing of the UAS-S45 airfoil (modified CST),XFOIL (free transition),black widow optimisation,fixed angle,drag minimisation and endurance maximisation at given angles,not extracted,one per case (several optimisers compared on convergence),Fluent Transition SST,several angles,penalties for geometric limits
17,2017,Alsahlani,10.5028/jatm.v9i3.838,abstract,yes,12 new aerofoils for a flying wing (PARSEC camber line and Bezier thickness),XFOIL,genetic algorithm,not in abstract,three separate targets with a low pitching moment,not in abstract,not in abstract,not in abstract,not in abstract,not in abstract
18,2024,Liu,10.1080/19942060.2024.2445144,abstract (publisher page behind a bot check),no (a neural network replaces XFOIL),airfoil shape (6 latent parameters),physics-informed neural network,deep reinforcement learning,not in abstract,high lift-to-drag ratio,not in abstract,not in abstract,not in abstract,not in abstract,not in abstract
19,2025,Yang,10.1016/j.jcp.2025.113846,abstract,no (flow-field prediction),,,,,,,,,,
20,2019,Korpe,10.1155/2019/3050824,abstract,no (wing planform),,,,,,,,,,
21,2021,Hoyos,10.1088/1757-899x/1154/1/012016,abstract (publisher page behind a bot check),yes,airfoil shape (NACA four-digit; 6-parameter method; PARSEC),XFOIL and OpenFOAM,genetic algorithm; particle swarm; sine-cosine algorithm,peak,maximum lift-to-drag ratio with the angle of attack as a variable,not in abstract,not in abstract,OpenFOAM is one of the two solvers,Reynolds-number study,not in abstract
22,2024,Sedelnikov,10.3390/computation12030052,abstract,no (propeller design),,,,,,,,,,
23,2024,Seifi Davari,10.1007/s13369-024-08944-4,title only (no abstract in the index),not assessed,,,,,,,,,,
24,2021,Dhileep,10.1017/aer.2021.71,abstract,no (analysis of a morphing concept),,,,,,,,,,
25,2018,De Tavernier,10.1002/we.2204,abstract,no (vortex-generator model),,,,,,,,,,
26,2025,Rouco,10.3390/aerospace12030180,full text,yes,SD7003 (Kulfan CST and Bezier),XFOIL,particle swarm,multi-condition,drag in cruise and ascent with a lift requirement at take-off,drag -2.3 % at full speed; up to -25.3 % at low cruise speed; -55.5 % in ascent,one,none beyond XFOIL,three conditions by construction,none stated
27,2024,Fakhari,10.1016/j.jer.2024.07.020,abstract (publisher page behind a bot check),yes,NACA 4412 and NACA 2415 (Bezier),XFOIL,conjugate-gradient algorithm,peak,maximum lift-to-drag ratio (its angle is also reported),+13.7 % and +32 %,not in abstract,not in abstract,not in abstract,not in abstract
28,2016,Salgado,10.20508/ijrer.v6i4.4642.g6930,abstract,no (selection among existing airfoils),,,,,,,,,,
29,2025,Khan,10.1038/s41598-025-95848-4,full text,no (the optimiser uses a network trained on CFD; XFOIL is only compared),,,,,,,,,,
30,2020,Suprayitno,10.1088/1742-6596/1446/1/012014,abstract (publisher page behind a bot check),yes,NACA 0012 (9 PARSEC parameters),XFOIL,Taguchi method,robust,mean and standard deviation of L/D under varying Mach number and angle,robustness index 21.76 to 36.79 (+69 %),not applicable (designed experiment),not in abstract,Mach number and angle of attack,not in abstract
31,2023,Carreno Ruiz,10.1063/5.0166170,abstract,yes,rotor airfoil at ultra-low Reynolds number (CST),XFOIL,multi-objective optimisation,not in abstract,maximum lift and minimum drag,not in abstract,not in abstract,not in abstract,not in abstract,not in abstract
32,2016,Gunel,,abstract,no (comparison of CFD and XFOIL),,,,,,,,,,
33,2024,Belda,10.3390/app14083495,full text,partly (an inviscid panel method is in the loop; XFOIL checks the result),NREL S809 (PARSEC),inviscid panel method,adjoint (gradient),fixed angle,lift coefficient at 0 deg,+94.7 % at 0 deg and +16.1 % at 6.2 deg for the same design,deterministic,XFOIL 6.99,two angles,none; constraints named as future work
extra,2025,Pangas,10.3390/aerospace12080685,full text (not found by the search: the abstract does not name XFOIL),yes,S9000 with flap (B-spline; 12 control points),XFOIL 6.97 inside XOPTFOIL,particle swarm (50 x 1000),multi-condition,17 operating points and a mission score,objective -1.9 %; payload +4.5 to 8.5 %,one per weighting,none beyond XFOIL,17 operating points by construction,smoothness check before analysis (wavy surfaces rejected); drag compared with a laminar bound
