model,design,alpha,steady,CL_cfd,CD_cfd,LD_cfd,LD_cfd_min,LD_cfd_max,CL_xfoil,CD_xfoil,LD_xfoil,CL_difference_percent,CD_difference_percent,LD_difference_percent,xtr_upper_cfd,xtr_upper_xfoil,xtr_lower_cfd,xtr_lower_xfoil,xsep_upper_cfd
sst,naca2412,0,1,0.207221633,0.01104685165,18.7584335850115,18.7581153136738,18.7586688612242,0.2049,0.01102,18.5934664246824,1.13305661298195,0.243662885662428,0.887231872536386,0.0534492183923584,0.05,0.0485964547290847,0.05,NaN
sst,naca2412,2,1,0.421033266,0.011453904,36.7589309287034,36.7582100310299,36.75944287999,0.418,0.01133,36.8932038834951,0.72566172248806,1.09359223300972,-0.363950377461725,0.0364988716102672,0.05,0.0633326436590212,0.05,0.999185506534538
sst,naca2412,4,1,0.6316390195,0.01229476255,51.3746415948472,51.3734066920439,51.3755042668388,0.6272,0.01192,52.6174496644295,0.707751833545923,3.14398112416108,-2.36196941795616,0.0305339555755837,0.05,0.0840345122365051,0.05,0.999185506534538
sst,naca2412,6,1,0.836089511,0.0136467964,61.2663577951526,61.2645499264755,61.2676932276215,0.8295,0.01283,64.6531566640686,0.794395539481608,6.36630085736558,-5.2384122348635,NaN,0.05,0.107108804172557,0.05,NaN
sst,naca2412,8,1,1.030604575,0.0156681649,65.7769803660925,65.7741683286797,65.7793593224874,1.0189,0.01416,71.9562146892655,1.14874619687901,10.6508820621469,-8.58749219905092,NaN,0.05,0.0326200759256902,0.05,0.991875872876467
sst,parsec_t12,0,1,0.4463129415,0.0126620047,35.2482053256543,35.2477008835863,35.2485082036557,0.3603,0.01254,28.7320574162679,23.8725899250624,0.972924242424249,22.6790160376645,0.0571428105870346,0.05,0.03809813140951,0.05,NaN
sst,parsec_t12,2,1,0.6404677265,0.01364775415,46.9284337525966,46.9277890009069,46.9287460736009,0.5343,0.01362,39.2290748898678,19.8704335579263,0.203774963289292,19.6266643665292,0.0432799676791269,0.05,0.048300076425683,0.05,0.898142771981114
sst,parsec_t12,4,1,0.823560731,0.01534066475,53.6848138213828,53.6840037512908,53.6851316115406,0.7063,0.01511,46.7438782263402,16.6021139742319,1.52657015221705,14.8488654737497,0.0312131718277017,0.05,0.0673096836730082,0.05,0.859393392481275
sst,parsec_t12,6,1,0.993337984,0.0178916243,55.5197206997019,55.5186217370943,55.5202239543166,0.8748,0.01703,51.3681738109219,13.5502953818016,5.05944979448034,8.08194370323774,NaN,0.05,0.0842009302104476,0.05,0.827127846355158
sst,parsec_t12,8,1,1.148547135,0.0214708459,53.4933341867076,53.4919490683938,53.4941595676131,1.0368,0.01952,53.1147540983607,10.778080150463,9.99408760245902,0.712758808307464,NaN,0.05,0.1025124290293,0.05,0.798210326118916
sst,smooth_s1,0,1,0.3692309185,0.01147132455,32.1872959735936,32.1867082560695,32.187706468389,0.3634,0.01135,32.0176211453744,1.60454554210234,1.0689387665198,0.529942019891821,0.0612118371481394,0.05,0.0367160493794149,0.05,NaN
sst,smooth_s1,2,1,0.5779014955,0.012089606,47.8015160709125,47.8006222763211,47.802087352842,0.567,0.01188,47.7272727272727,1.92266234567901,1.76436026936026,0.155557481911873,0.0434766649652104,0.05,0.0631929574238855,0.05,NaN
sst,smooth_s1,4,1,0.7810628625,0.0131971718,59.1841096211235,59.1829002192779,59.184810768844,0.7605,0.01269,59.9290780141844,2.70386094674557,3.9966256895193,-1.24308335410156,0.0312785062016973,0.05,0.0871845001199752,0.05,NaN
sst,smooth_s1,6,1,0.9742279275,0.0149122304,65.3307990399612,65.3290352622393,65.3319126441095,0.9281,0.01381,67.204923968139,4.97014626656607,7.98139319333817,-2.78867204591493,NaN,0.05,0.109711463412453,0.05,0.995716188121245
sst,smooth_s1,8,1,1.150582065,0.0175662118,65.4997262984157,65.4970438322085,65.5018206761383,1.0743,0.01581,67.9506641366224,7.10062971237081,11.1082340290955,-3.60693728214173,NaN,0.05,0.139581647927102,0.05,0.950364818659714
sst,wavy_s1,0,1,0.316832262,0.0112628661,28.1306959691193,28.1302148984071,28.1310404971014,0.3123,0.01116,27.9838709677419,1.45125264169067,0.921739247311809,0.524677238351253,0.0572401364652031,0.05,0.037817579322506,0.05,NaN
sst,wavy_s1,2,1,0.529463493,0.0118285871,44.7613471096645,44.7604591776781,44.7619668399102,0.5248,0.01167,44.9700085689803,0.888622903963397,1.35892973436161,-0.46400137770869,0.0432078519066457,0.05,0.0577235449938251,0.05,NaN
sst,wavy_s1,4,1,0.737686622,0.01288519815,57.2507006421162,57.2494707982123,57.2514823392089,0.7304,0.01249,58.4787830264211,0.997620755750269,3.16411649319458,-2.10004777929468,0.0309706558321731,0.05,0.0812097480972805,0.05,NaN
sst,wavy_s1,6,1,0.937613604,0.0145584847,64.4032413620629,64.4014363776797,64.4044593024665,0.9231,0.0137,67.3795620437956,1.57226779330514,6.26631167883213,-4.41724551400048,NaN,0.05,0.103346445455799,0.05,NaN
sst,wavy_s1,8,1,1.121897465,0.017193653,65.2506750601516,65.2480855951412,65.252722300354,1.0778,0.01547,69.6703296703297,4.09143301169047,11.1419069166128,-6.34366828905693,NaN,0.05,0.127668724091702,0.05,NaN
