iteration,CL,CD,CD_pressure,CD_viscous,upper_first_reversed,upper_last_reversed,lower_first_reversed,lower_last_reversed
3200,0.73022736,0.0066730461,0.0031428793,0.0035301668,0.333384663493416,0.513652653652477,0.910939812935291,0.999181436441872
3400,0.72641964,0.0064396917,0.0029240416,0.0035156501,0.326138184660379,0.513652653652477,0.910939812935291,0.999181436441872
3600,0.72395419,0.0062582817,0.002745427,0.0035128548,0.326138184660379,0.506055345549237,0.906512424065943,0.999181436441872
3800,0.7204974,0.0059727002,0.0024662873,0.0035064129,0.347979397680737,0.543959187093515,0.906512424065943,0.999181436441872
4000,0.71921315,0.0058200378,0.002314253,0.0035057848,0.318927990630917,0.536398284378881,0.906512424065943,0.999181436441872
4200,0.71829669,0.0056494183,0.0021379022,0.0035115161,0.347979397680737,0.536398284378881,0.901999399946127,0.999181436441872
4400,0.71967174,0.0056559368,0.0021529533,0.0035029836,0.340665657665295,0.536398284378881,0.901999399946127,0.999181436441872
4600,0.72133958,0.0057504548,0.0022280423,0.0035224125,0.340665657665295,0.528825790077779,0.897401567029641,0.999181436441872
4800,0.7239131,0.0058884417,0.002370287,0.0035181546,0.333384663493416,0.528825790077779,0.897401567029641,0.997494491735887
5000,0.72744771,0.0061553419,0.0026291295,0.0035262124,0.333384663493416,0.521243358645694,0.897401567029641,0.997494491735887
5200,0.73053654,0.0063675389,0.0028531392,0.0035143997,0.333384663493416,0.513652653652477,0.892719773304269,0.997494491735887
5400,0.73168845,0.0065965118,0.0030586126,0.0035378992,0.326138184660379,0.513652653652477,0.892719773304269,0.997494491735887
