model,design,alpha,iterations,steady,period_iterations,period_mismatch,cycles_averaged,window_iterations,window_first_iteration,CL,CD,LD,CL_min,CL_max,CD_min,CD_max,LD_min,LD_max,CD_pressure,CD_viscous,Tu_1chord_percent,Tu_quarter_chord_percent,viscosity_ratio_1chord,Ncrit_equivalent,res_continuity,res_x_velocity,res_y_velocity,res_energy,res_k,res_omega,res_intermit,res_retheta,xtr_upper,xtr_lower,xsep_upper,xsep_lower,surface_snapshots
sst,naca2412,0,3400,1,NaN,NaN,0,1000,2450,0.207221633,0.01104685165,18.7584335850115,0.2072212,0.2072218,0.011046722,0.011047016,18.7581153136738,18.7586688612242,0.00211010905,0.008936742555,0.00077236673,0.00077739096,0.0043051839,NaN,5.9234e-05,3.3791e-11,2.617e-11,5.7054e-12,1.8588e-08,1.2111e-09,NaN,NaN,0.0534492183923584,0.0485964547290847,NaN,NaN,1
sst,naca2412,2,3400,1,NaN,NaN,0,1000,2450,0.421033266,0.011453904,36.7589309287034,0.42103214,0.42103391,0.011453762,0.011454098,36.7582100310299,36.75944287999,0.002518234335,0.00893566957,0.00077654968,0.00078161138,0.0043351948,NaN,1.5862e-05,1.8899e-11,2.7225e-11,4.7743e-12,1.9623e-08,1.0381e-09,NaN,NaN,0.0364988716102672,0.0633326436590212,0.999185506534538,NaN,1
sst,naca2412,4,3400,1,NaN,NaN,0,1000,2450,0.6316390195,0.01229476255,51.3746415948472,0.63163696,0.63164035,0.012294582,0.012295018,51.3734066920439,51.3755042668388,0.00345099767,0.008843764845,0.00078050598,0.00078561716,0.004363569,NaN,1.8267e-05,3.359e-11,4.5561e-11,7.9775e-12,2.0423e-08,1.0902e-09,NaN,NaN,0.0305339555755837,0.0840345122365051,0.999185506534538,NaN,1
sst,naca2412,6,3400,1,NaN,NaN,0,1000,2450,0.836089511,0.0136467964,61.2663577951526,0.83608638,0.83609172,0.013646535,0.013647148,61.2645499264755,61.2676932276215,0.004992617975,0.00865417847,0.00078381281,0.00078897037,0.0043872735,NaN,3.119e-05,5.894e-11,8.8049e-11,1.5143e-11,2.5219e-08,1.1534e-09,NaN,NaN,NaN,0.107108804172557,NaN,NaN,1
sst,naca2412,8,3400,1,NaN,NaN,0,1000,2450,1.030604575,0.0156681649,65.7769803660925,1.030599,1.0306089,0.015667664,0.01566875,65.7741683286797,65.7793593224874,0.007308300095,0.008359864925,0.00078667372,0.00079187994,0.0044077775,NaN,0.00010481,1.1727e-10,1.6289e-10,3.0255e-11,3.8165e-08,1.4144e-09,NaN,NaN,NaN,0.0326200759256902,0.991875872876467,NaN,1
sst,parsec_t12,0,3400,1,NaN,NaN,0,1000,2450,0.4463129415,0.0126620047,35.2482053256543,0.44631157,0.44631365,0.012661916,0.012662147,35.2477008835863,35.2485082036557,0.00377168208,0.008890322525,0.00077614359,0.00078119856,0.0043323995,NaN,9.4703e-05,8.6477e-11,8.3108e-11,1.863e-11,1.0565e-08,1.4913e-09,NaN,NaN,0.0571428105870346,0.03809813140951,NaN,NaN,1
sst,parsec_t12,2,3400,1,NaN,NaN,0,1000,2450,0.6404677265,0.01364775415,46.9284337525966,0.6404661,0.64046865,0.013647683,0.013647907,46.9277890009069,46.9287460736009,0.00467875932,0.008968994935,0.00077991981,0.00078502699,0.0043594781,NaN,0.00011506,6.0019e-11,8.7593e-11,1.8219e-11,8.1971e-09,1.0479e-09,NaN,NaN,0.0432799676791269,0.048300076425683,0.898142771981114,NaN,1
sst,parsec_t12,4,3400,1,NaN,NaN,0,1000,2450,0.823560731,0.01534066475,53.6848138213828,0.82355841,0.82356213,0.0153406,0.015340853,53.6840037512908,53.6851316115406,0.006392614455,0.008948050275,0.00078308185,0.00078823696,0.0043821442,NaN,0.00011227,6.3317e-11,9.4632e-11,1.9773e-11,8.0901e-09,1.0987e-09,NaN,NaN,0.0312131718277017,0.0673096836730082,0.859393392481275,NaN,1
sst,parsec_t12,6,3400,1,NaN,NaN,0,1000,2450,0.993337984,0.0178916243,55.5197206997019,0.99333435,0.99334042,0.017891506,0.017891913,55.5186217370943,55.5202239543166,0.009060036815,0.008831587405,0.0007857182,0.00079091087,0.00440103,NaN,9.3584e-05,5.452e-11,7.9762e-11,1.6617e-11,1.3677e-08,1.217e-09,NaN,NaN,NaN,0.0842009302104476,0.827127846355158,NaN,1
sst,parsec_t12,8,3400,1,NaN,NaN,0,1000,2450,1.148547135,0.0214708459,53.4933341867076,1.1485419,1.1485509,0.021470585,0.021471304,53.4919490683938,53.4941595676131,0.01284677495,0.00862407091,0.00078794992,0.00079318024,0.0044170129,NaN,9.2814e-05,4.9316e-11,6.1947e-11,1.2836e-11,2.9705e-08,1.3477e-09,NaN,NaN,NaN,0.1025124290293,0.798210326118916,NaN,1
sst,smooth_s1,0,3400,1,NaN,NaN,0,1000,2450,0.3692309185,0.01147132455,32.1872959735936,0.36923021,0.3692312,0.011471187,0.011471512,32.1867082560695,32.187706468389,0.002573121125,0.00889820348,0.00077503537,0.00078008225,0.0043241312,NaN,8.0405e-05,4.8404e-11,4.0209e-11,9.0708e-12,1.6037e-08,1.3203e-09,NaN,NaN,0.0612118371481394,0.0367160493794149,NaN,NaN,1
sst,smooth_s1,2,3400,1,NaN,NaN,0,1000,2450,0.5779014955,0.012089606,47.8015160709125,0.57790025,0.57790214,0.012089475,0.012089806,47.8006222763211,47.802087352842,0.00308791765,0.00900168849,0.00077919167,0.00078429157,0.0043539144,NaN,3.1485e-05,3.1117e-11,4.2261e-11,8.2576e-12,1.4493e-08,1.056e-09,NaN,NaN,0.0434766649652104,0.0631929574238855,NaN,NaN,1
sst,smooth_s1,4,3400,1,NaN,NaN,0,1000,2450,0.7810628625,0.0131971718,59.1841096211235,0.78106094,0.78106396,0.013197034,0.013197409,59.1829002192779,59.184810768844,0.0042323401,0.008964831765,0.00078270241,0.00078784924,0.0043790676,NaN,3.7686e-05,4.1798e-11,5.0185e-11,1.0308e-11,1.44e-08,1.0769e-09,NaN,NaN,0.0312785062016973,0.0871845001199752,NaN,NaN,1
sst,smooth_s1,6,3400,1,NaN,NaN,0,1000,2450,0.9742279275,0.0149122304,65.3307990399612,0.97422453,0.9742302,0.014912011,0.014912581,65.3290352622393,65.3319126441095,0.00612415499,0.008788075415,0.00078564508,0.00079083411,0.0044001378,NaN,3.4184e-05,4.7304e-11,6.6638e-11,1.1285e-11,1.7084e-08,1.1798e-09,NaN,NaN,NaN,0.109711463412453,0.995716188121245,NaN,1
sst,smooth_s1,8,3400,1,NaN,NaN,0,1000,2450,1.150582065,0.0175662118,65.4997262984157,1.1505755,1.1505871,0.017565727,0.017566831,65.4970438322085,65.5018206761383,0.00910237996,0.00846383183,0.00078813955,0.00079336905,0.0044179889,NaN,9.0699e-05,8.9799e-11,1.2595e-10,2.1168e-11,3.2154e-08,1.4481e-09,NaN,NaN,NaN,0.139581647927102,0.950364818659714,NaN,1
sst,wavy_s1,0,3400,1,NaN,NaN,0,1000,2450,0.316832262,0.0112628661,28.1306959691193,0.31683182,0.31683246,0.011262732,0.011263043,28.1302148984071,28.1310404971014,0.00245243915,0.00881042692,0.00077408968,0.00077912173,0.004317435,NaN,8.5425e-05,4.1141e-11,3.2117e-11,6.6656e-12,1.7547e-08,1.2469e-09,NaN,NaN,0.0572401364652031,0.037817579322506,NaN,NaN,1
sst,wavy_s1,2,3400,1,NaN,NaN,0,1000,2450,0.529463493,0.0118285871,44.7613471096645,0.52946243,0.52946408,0.011828436,0.011828798,44.7604591776781,44.7619668399102,0.00293994419,0.00888864289,0.00077839177,0.0007834733,0.0043482678,NaN,2.0037e-05,2.9085e-11,3.6139e-11,6.9868e-12,1.7377e-08,1.0549e-09,NaN,NaN,0.0432078519066457,0.0577235449938251,NaN,NaN,1
sst,wavy_s1,4,3400,1,NaN,NaN,0,1000,2450,0.737686622,0.01288519815,57.2507006421162,0.73768485,0.73768764,0.01288504,0.012885444,57.2494707982123,57.2514823392089,0.00403815474,0.00884704339,0.00078209341,0.0007872246,0.0043747947,NaN,2.0784e-05,4.0655e-11,5.0242e-11,9.4497e-12,1.7419e-08,1.051e-09,NaN,NaN,0.0309706558321731,0.0812097480972805,NaN,NaN,1
sst,wavy_s1,6,3400,1,NaN,NaN,0,1000,2450,0.937613604,0.0145584847,64.4032413620629,0.93761053,0.93761564,0.014558241,0.014558845,64.4014363776797,64.4044593024665,0.00587633449,0.00868215009,0.00078518133,0.00079036163,0.004396922,NaN,2.6175e-05,5.3205e-11,7.7804e-11,1.2809e-11,2.072e-08,1.1607e-09,NaN,NaN,NaN,0.103346445455799,NaN,NaN,1
sst,wavy_s1,8,3400,1,NaN,NaN,0,1000,2450,1.121897465,0.017193653,65.2506750601516,1.1218917,1.1219018,0.01719318,0.017194247,65.2480855951412,65.252722300354,0.00881401103,0.00837964193,0.00078779331,0.00079301608,0.0044156238,NaN,9.1115e-05,9.6188e-11,1.345e-10,2.337e-11,3.438e-08,1.3721e-09,NaN,NaN,NaN,0.127668724091702,NaN,NaN,1
