model,design,alpha,iteration,order,CL,CD,CD_pressure,CD_viscous
sst,naca2412,4,400,1,0.61524711,0.019036514,0.010342875,0.0086936395
sst,naca2412,4,450,2,0.63076356,0.01237338,0.0035178904,0.00885549
sst,naca2412,4,500,2,0.63135815,0.012322958,0.0034764928,0.008846465
sst,naca2412,4,550,2,0.63147513,0.012311398,0.0034658985,0.0088454993
sst,naca2412,4,600,2,0.6315184,0.012307001,0.0034616895,0.0088453116
sst,naca2412,4,650,2,0.63154514,0.012304546,0.0034592183,0.0088453277
sst,naca2412,4,700,2,0.63156347,0.012302783,0.0034574806,0.0088453028
sst,naca2412,4,750,2,0.63157787,0.012301399,0.0034561226,0.0088452769
sst,naca2412,4,800,2,0.63158973,0.01230025,0.0034550085,0.0088452417
sst,naca2412,4,850,2,0.63159971,0.01229928,0.0034540833,0.0088451966
sst,naca2412,4,900,2,0.63160827,0.012298422,0.0034532845,0.0088451378
sst,naca2412,4,950,2,0.63161613,0.012297628,0.0034525707,0.0088450574
sst,naca2412,4,1000,2,0.63162407,0.012296796,0.0034518548,0.0088449414
sst,naca2412,4,1050,2,0.63163213,0.012295939,0.003451136,0.0088448035
sst,naca2412,4,1100,2,0.63163956,0.012295124,0.0034504602,0.0088446637
sst,naca2412,4,1150,2,0.63164563,0.012294477,0.0034499204,0.0088445561
sst,naca2412,4,1200,2,0.63164882,0.012294126,0.0034496428,0.0088444828
sst,naca2412,4,1250,2,0.63164886,0.012294099,0.0034496625,0.0088444364
sst,naca2412,4,1300,2,0.63164649,0.012294319,0.0034499162,0.0088444032
sst,naca2412,4,1350,2,0.6316431,0.012294647,0.0034502731,0.0088443735
sst,naca2412,4,1400,2,0.6316399,0.012294954,0.003450611,0.0088443432
sst,naca2412,4,1450,2,0.63163759,0.012295173,0.0034508606,0.008844312
sst,naca2412,4,1500,2,0.63163624,0.012295292,0.0034510114,0.0088442808
sst,naca2412,4,1550,2,0.63163558,0.012295342,0.0034510914,0.0088442506
sst,naca2412,4,1600,2,0.63163526,0.012295359,0.0034511366,0.0088442222
sst,naca2412,4,1650,2,0.63163501,0.012295368,0.0034511724,0.0088441952
sst,naca2412,4,1700,2,0.63163474,0.012295379,0.0034512094,0.0088441694
sst,naca2412,4,1750,2,0.63163444,0.012295393,0.0034512482,0.0088441447
sst,naca2412,4,1800,2,0.63163415,0.012295407,0.0034512856,0.0088441209
sst,naca2412,4,1850,2,0.63163391,0.012295416,0.0034513181,0.008844098
sst,naca2412,4,1900,2,0.63163376,0.012295418,0.0034513423,0.0088440759
sst,naca2412,4,1950,2,0.63163372,0.012295411,0.0034513563,0.0088440546
sst,naca2412,4,2000,2,0.63163379,0.012295393,0.0034513591,0.0088440341
sst,naca2412,4,2050,2,0.63163397,0.012295365,0.0034513509,0.0088440142
sst,naca2412,4,2100,2,0.63163426,0.012295328,0.0034513327,0.0088439951
sst,naca2412,4,2150,2,0.63163463,0.012295283,0.0034513066,0.0088439768
sst,naca2412,4,2200,2,0.63163506,0.012295234,0.0034512751,0.0088439591
sst,naca2412,4,2250,2,0.63163551,0.012295184,0.0034512416,0.0088439421
sst,naca2412,4,2300,2,0.63163595,0.012295135,0.0034512092,0.0088439257
sst,naca2412,4,2350,2,0.63163635,0.01229509,0.0034511805,0.0088439099
sst,naca2412,4,2400,2,0.63163668,0.012295052,0.0034511569,0.0088438947
sst,naca2412,4,2450,2,0.63163696,0.012295018,0.0034511385,0.00884388
sst,naca2412,4,2500,2,0.6316372,0.01229499,0.0034511242,0.0088438657
sst,naca2412,4,2550,2,0.63163741,0.012294964,0.0034511118,0.0088438518
sst,naca2412,4,2600,2,0.63163762,0.012294938,0.0034510993,0.0088438383
sst,naca2412,4,2650,2,0.63163784,0.01229491,0.0034510851,0.0088438252
sst,naca2412,4,2700,2,0.63163809,0.012294881,0.0034510683,0.0088438124
sst,naca2412,4,2750,2,0.63163835,0.012294849,0.003451049,0.0088438
sst,naca2412,4,2800,2,0.63163863,0.012294816,0.0034510278,0.0088437879
sst,naca2412,4,2850,2,0.6316389,0.012294782,0.0034510061,0.0088437762
sst,naca2412,4,2900,2,0.63163917,0.01229475,0.003450985,0.0088437648
sst,naca2412,4,2950,2,0.63163941,0.01229472,0.0034509658,0.0088437537
sst,naca2412,4,3000,2,0.63163963,0.012294692,0.0034509492,0.008843743
sst,naca2412,4,3050,2,0.63163981,0.012294668,0.0034509358,0.0088437327
sst,naca2412,4,3100,2,0.63163996,0.012294648,0.0034509257,0.0088437226
sst,naca2412,4,3150,2,0.63164007,0.012294632,0.0034509186,0.0088437129
sst,naca2412,4,3200,2,0.63164016,0.012294618,0.0034509143,0.0088437035
sst,naca2412,4,3250,2,0.63164023,0.012294607,0.0034509122,0.0088436945
sst,naca2412,4,3300,2,0.63164028,0.012294597,0.0034509116,0.0088436857
sst,naca2412,4,3350,2,0.63164032,0.012294589,0.0034509121,0.0088436771
sst,naca2412,4,3400,2,0.63164035,0.012294582,0.003450913,0.0088436689
sst,smooth_s1,4,400,1,0.76965794,0.020190217,0.011299327,0.0088908904
sst,smooth_s1,4,450,2,0.78020026,0.013278311,0.0043014924,0.0089768189
sst,smooth_s1,4,500,2,0.78081866,0.013224657,0.004257214,0.0089674433
sst,smooth_s1,4,550,2,0.78093141,0.013213114,0.0042464727,0.0089666408
sst,smooth_s1,4,600,2,0.78096434,0.013208705,0.0042421519,0.0089665526
sst,smooth_s1,4,650,2,0.78098596,0.013206216,0.0042396763,0.0089665392
sst,smooth_s1,4,700,2,0.78100073,0.013204422,0.0042379059,0.008966516
sst,smooth_s1,4,750,2,0.78101289,0.013202969,0.0042364877,0.0089664811
sst,smooth_s1,4,800,2,0.78102325,0.013201715,0.0042352725,0.0089664426
sst,smooth_s1,4,850,2,0.78103212,0.013200641,0.0042342467,0.0089663948
sst,smooth_s1,4,900,2,0.78103995,0.013199689,0.0042333543,0.0089663349
sst,smooth_s1,4,950,2,0.78104724,0.013198777,0.0042325311,0.0089662454
sst,smooth_s1,4,1000,2,0.78105488,0.01319786,0.0042317372,0.0089661228
sst,smooth_s1,4,1050,2,0.78106294,0.013196867,0.0042308989,0.0089659682
sst,smooth_s1,4,1100,2,0.78107066,0.013195912,0.0042300922,0.0089658196
sst,smooth_s1,4,1150,2,0.78107634,0.013195203,0.0042295046,0.0089656988
sst,smooth_s1,4,1200,2,0.78107881,0.013194905,0.0042292857,0.0089656188
sst,smooth_s1,4,1250,2,0.78107749,0.013195087,0.0042295186,0.0089655687
sst,smooth_s1,4,1300,2,0.78107329,0.013195639,0.0042301063,0.0089655328
sst,smooth_s1,4,1350,2,0.78106792,0.013196345,0.0042308446,0.0089655004
sst,smooth_s1,4,1400,2,0.78106293,0.013197001,0.0042315342,0.008965467
sst,smooth_s1,4,1450,2,0.78105923,0.01319749,0.0042320571,0.0089654327
sst,smooth_s1,4,1500,2,0.78105697,0.013197791,0.0042323921,0.0089653985
sst,smooth_s1,4,1550,2,0.78105584,0.013197946,0.00423258,0.0089653656
sst,smooth_s1,4,1600,2,0.78105539,0.013198013,0.0042326789,0.0089653345
sst,smooth_s1,4,1650,2,0.78105524,0.013198039,0.0042327344,0.0089653049
sst,smooth_s1,4,1700,2,0.78105523,0.013198048,0.0042327716,0.0089652768
sst,smooth_s1,4,1750,2,0.78105525,0.01319805,0.0042328006,0.0089652498
sst,smooth_s1,4,1800,2,0.78105532,0.013198048,0.0042328239,0.0089652239
sst,smooth_s1,4,1850,2,0.78105543,0.013198039,0.0042328398,0.008965199
sst,smooth_s1,4,1900,2,0.78105561,0.013198021,0.0042328461,0.008965175
sst,smooth_s1,4,1950,2,0.78105588,0.013197993,0.0042328408,0.0089651518
sst,smooth_s1,4,2000,2,0.78105623,0.013197953,0.0042328235,0.0089651294
sst,smooth_s1,4,2050,2,0.78105667,0.013197902,0.0042327947,0.0089651078
sst,smooth_s1,4,2100,2,0.78105719,0.013197843,0.0042327559,0.0089650868
sst,smooth_s1,4,2150,2,0.78105777,0.013197776,0.0042327092,0.0089650667
sst,smooth_s1,4,2200,2,0.78105838,0.013197705,0.0042326577,0.0089650473
sst,smooth_s1,4,2250,2,0.781059,0.013197634,0.004232605,0.0089650286
sst,smooth_s1,4,2300,2,0.78105959,0.013197566,0.0042325551,0.0089650105
sst,smooth_s1,4,2350,2,0.78106012,0.013197504,0.0042325113,0.0089649931
sst,smooth_s1,4,2400,2,0.78106057,0.013197452,0.0042324758,0.0089649762
sst,smooth_s1,4,2450,2,0.78106094,0.013197409,0.0042324488,0.0089649598
sst,smooth_s1,4,2500,2,0.78106124,0.013197373,0.0042324293,0.0089649439
sst,smooth_s1,4,2550,2,0.7810615,0.013197343,0.004232415,0.0089649284
sst,smooth_s1,4,2600,2,0.78106172,0.013197316,0.0042324032,0.0089649133
sst,smooth_s1,4,2650,2,0.78106194,0.01319729,0.0042323917,0.0089648987
sst,smooth_s1,4,2700,2,0.78106215,0.013197264,0.0042323791,0.0089648844
sst,smooth_s1,4,2750,2,0.78106237,0.013197236,0.0042323651,0.0089648706
sst,smooth_s1,4,2800,2,0.7810626,0.013197207,0.0042323501,0.0089648572
sst,smooth_s1,4,2850,2,0.78106282,0.013197179,0.0042323348,0.0089648442
sst,smooth_s1,4,2900,2,0.78106303,0.013197152,0.0042323205,0.0089648316
sst,smooth_s1,4,2950,2,0.78106322,0.013197127,0.0042323081,0.0089648193
sst,smooth_s1,4,3000,2,0.78106339,0.013197106,0.0042322982,0.0089648075
sst,smooth_s1,4,3050,2,0.78106353,0.013197087,0.0042322914,0.0089647961
sst,smooth_s1,4,3100,2,0.78106364,0.013197073,0.0042322877,0.0089647849
sst,smooth_s1,4,3150,2,0.78106373,0.013197061,0.004232287,0.0089647742
sst,smooth_s1,4,3200,2,0.7810638,0.013197053,0.0042322888,0.0089647638
sst,smooth_s1,4,3250,2,0.78106385,0.013197046,0.0042322926,0.0089647537
sst,smooth_s1,4,3300,2,0.78106389,0.013197042,0.0042322978,0.0089647439
sst,smooth_s1,4,3350,2,0.78106393,0.013197038,0.0042323036,0.0089647345
sst,smooth_s1,4,3400,2,0.78106396,0.013197034,0.0042323092,0.0089647253
sst,wavy_s1,4,400,1,0.7204851,0.01969567,0.01091641,0.0087792602
sst,wavy_s1,4,450,2,0.73676742,0.012976202,0.0041166897,0.0088595126
sst,wavy_s1,4,500,2,0.73740726,0.01291773,0.0040682499,0.0088494803
sst,wavy_s1,4,550,2,0.73752347,0.012904688,0.0040558386,0.0088488493
sst,wavy_s1,4,600,2,0.73756759,0.012899348,0.0040506644,0.008848684
sst,wavy_s1,4,650,2,0.73759478,0.012896323,0.0040476421,0.0088486812
sst,wavy_s1,4,700,2,0.73761355,0.01289414,0.0040454879,0.0088486516
sst,wavy_s1,4,750,2,0.73762842,0.012892439,0.0040438185,0.0088486203
sst,wavy_s1,4,800,2,0.73764077,0.012890999,0.0040424211,0.0088485784
sst,wavy_s1,4,850,2,0.7376512,0.01288979,0.0040412625,0.0088485276
sst,wavy_s1,4,900,2,0.73766018,0.012888728,0.004040262,0.0088484661
sst,wavy_s1,4,950,2,0.73766839,0.012887752,0.004039374,0.0088483775
sst,wavy_s1,4,1000,2,0.7376766,0.01288675,0.004038498,0.0088482524
sst,wavy_s1,4,1050,2,0.73768494,0.012885724,0.0040376177,0.0088481062
sst,wavy_s1,4,1100,2,0.73769272,0.012884752,0.0040367895,0.0088479627
sst,wavy_s1,4,1150,2,0.73769892,0.01288399,0.0040361385,0.0088478516
sst,wavy_s1,4,1200,2,0.73770198,0.012883607,0.0040358295,0.0088477771
sst,wavy_s1,4,1250,2,0.73770147,0.012883647,0.0040359176,0.0088477293
sst,wavy_s1,4,1300,2,0.73769826,0.012884014,0.0040363191,0.0088476947
sst,wavy_s1,4,1350,2,0.7376939,0.012884521,0.0040368578,0.0088476636
sst,wavy_s1,4,1400,2,0.73768981,0.012884998,0.0040373663,0.008847632
sst,wavy_s1,4,1450,2,0.7376868,0.012885348,0.0040377481,0.0088475998
sst,wavy_s1,4,1500,2,0.73768495,0.012885556,0.0040379883,0.0088475678
sst,wavy_s1,4,1550,2,0.73768398,0.012885661,0.0040381243,0.008847537
sst,wavy_s1,4,1600,2,0.73768345,0.012885713,0.0040382051,0.008847508
sst,wavy_s1,4,1650,2,0.73768307,0.012885747,0.0040382664,0.0088474803
sst,wavy_s1,4,1700,2,0.73768271,0.012885778,0.0040383239,0.0088474539
sst,wavy_s1,4,1750,2,0.73768234,0.012885809,0.0040383804,0.0088474286
sst,wavy_s1,4,1800,2,0.737682,0.012885838,0.0040384333,0.0088474043
sst,wavy_s1,4,1850,2,0.73768173,0.012885859,0.0040384785,0.0088473808
sst,wavy_s1,4,1900,2,0.73768155,0.012885871,0.0040385124,0.0088473583
sst,wavy_s1,4,1950,2,0.7376815,0.012885869,0.0040385327,0.0088473366
sst,wavy_s1,4,2000,2,0.73768157,0.012885854,0.0040385384,0.0088473157
sst,wavy_s1,4,2050,2,0.73768177,0.012885826,0.0040385299,0.0088472956
sst,wavy_s1,4,2100,2,0.73768207,0.012885785,0.0040385087,0.0088472763
sst,wavy_s1,4,2150,2,0.73768247,0.012885735,0.0040384775,0.0088472578
sst,wavy_s1,4,2200,2,0.73768292,0.01288568,0.0040384399,0.00884724
sst,wavy_s1,4,2250,2,0.73768339,0.012885623,0.0040384,0.0088472229
sst,wavy_s1,4,2300,2,0.73768384,0.012885568,0.0040383618,0.0088472064
sst,wavy_s1,4,2350,2,0.73768425,0.012885519,0.0040383287,0.0088471905
sst,wavy_s1,4,2400,2,0.73768458,0.012885478,0.0040383026,0.0088471752
sst,wavy_s1,4,2450,2,0.73768485,0.012885444,0.0040382836,0.0088471602
sst,wavy_s1,4,2500,2,0.73768507,0.012885416,0.00403827,0.0088471457
sst,wavy_s1,4,2550,2,0.73768525,0.012885391,0.0040382592,0.0088471317
sst,wavy_s1,4,2600,2,0.73768543,0.012885367,0.0040382486,0.008847118
sst,wavy_s1,4,2650,2,0.73768563,0.01288534,0.0040382359,0.0088471046
sst,wavy_s1,4,2700,2,0.73768584,0.012885312,0.00403822,0.0088470916
sst,wavy_s1,4,2750,2,0.73768607,0.01288528,0.0040382011,0.008847079
sst,wavy_s1,4,2800,2,0.73768632,0.012885247,0.0040381799,0.0088470668
sst,wavy_s1,4,2850,2,0.73768656,0.012885213,0.0040381581,0.0088470549
sst,wavy_s1,4,2900,2,0.7376868,0.01288518,0.004038137,0.0088470433
sst,wavy_s1,4,2950,2,0.73768701,0.01288515,0.0040381183,0.0088470321
sst,wavy_s1,4,3000,2,0.73768719,0.012885124,0.0040381028,0.0088470213
sst,wavy_s1,4,3050,2,0.73768734,0.012885102,0.0040380911,0.0088470107
sst,wavy_s1,4,3100,2,0.73768745,0.012885084,0.0040380835,0.0088470006
sst,wavy_s1,4,3150,2,0.73768753,0.01288507,0.0040380795,0.0088469907
sst,wavy_s1,4,3200,2,0.73768758,0.01288506,0.0040380787,0.0088469812
sst,wavy_s1,4,3250,2,0.73768761,0.012885053,0.0040380806,0.008846972
sst,wavy_s1,4,3300,2,0.73768763,0.012885047,0.0040380842,0.008846963
sst,wavy_s1,4,3350,2,0.73768764,0.012885043,0.0040380889,0.0088469544
sst,wavy_s1,4,3400,2,0.73768764,0.01288504,0.0040380938,0.008846946
sst,parsec_t12,4,400,1,0.83236886,0.023222551,0.014355752,0.0088667993
sst,parsec_t12,4,450,2,0.82305185,0.015372159,0.0064168133,0.008955346
sst,parsec_t12,4,500,2,0.82347927,0.015344895,0.0063933923,0.0089515029
sst,parsec_t12,4,550,2,0.82352458,0.015340003,0.0063905555,0.0089494477
sst,parsec_t12,4,600,2,0.82353194,0.015340356,0.0063908483,0.0089495076
sst,parsec_t12,4,650,2,0.8235325,0.015340559,0.0063910494,0.0089495097
sst,parsec_t12,4,700,2,0.82353432,0.015340646,0.0063911525,0.0089494933
sst,parsec_t12,4,750,2,0.82353689,0.015340509,0.0063910416,0.0089494673
sst,parsec_t12,4,800,2,0.82354003,0.015340254,0.0063908199,0.0089494337
sst,parsec_t12,4,850,2,0.82354334,0.015339955,0.0063905618,0.0089493928
sst,parsec_t12,4,900,2,0.82354694,0.015339617,0.0063902754,0.0089493419
sst,parsec_t12,4,950,2,0.82355099,0.015339216,0.0063899504,0.0089492652
sst,parsec_t12,4,1000,2,0.82355618,0.015338707,0.0063895531,0.008949154
sst,parsec_t12,4,1050,2,0.82356234,0.015338079,0.0063890602,0.0089490187
sst,parsec_t12,4,1100,2,0.82356866,0.015337442,0.0063885514,0.0089488907
sst,parsec_t12,4,1150,2,0.82357302,0.015337037,0.0063882468,0.0089487899
sst,parsec_t12,4,1200,2,0.82357373,0.0153371,0.0063883768,0.008948723
sst,parsec_t12,4,1250,2,0.82357036,0.015337711,0.0063890293,0.0089486814
sst,parsec_t12,4,1300,2,0.82356401,0.015338738,0.0063900863,0.0089486518
sst,parsec_t12,4,1350,2,0.82355659,0.015339918,0.0063912932,0.0089486245
sst,parsec_t12,4,1400,2,0.82354987,0.015340993,0.006392397,0.0089485956
sst,parsec_t12,4,1450,2,0.8235449,0.015341808,0.0063932422,0.0089485657
sst,parsec_t12,4,1500,2,0.82354194,0.015342325,0.0063937892,0.0089485361
sst,parsec_t12,4,1550,2,0.82354069,0.015342587,0.0063940793,0.0089485077
sst,parsec_t12,4,1600,2,0.82354065,0.015342666,0.0063941855,0.008948481
sst,parsec_t12,4,1650,2,0.82354135,0.015342635,0.0063941789,0.0089484559
sst,parsec_t12,4,1700,2,0.82354244,0.015342545,0.0063941125,0.0089484324
sst,parsec_t12,4,1750,2,0.82354368,0.015342429,0.0063940183,0.0089484102
sst,parsec_t12,4,1800,2,0.82354498,0.015342301,0.0063939121,0.0089483889
sst,parsec_t12,4,1850,2,0.82354627,0.01534217,0.0063938014,0.0089483684
sst,parsec_t12,4,1900,2,0.82354754,0.015342038,0.00639369,0.0089483482
sst,parsec_t12,4,1950,2,0.82354876,0.015341909,0.0063935802,0.0089483286
sst,parsec_t12,4,2000,2,0.82354993,0.015341783,0.0063934738,0.0089483095
sst,parsec_t12,4,2050,2,0.82355105,0.015341662,0.0063933707,0.0089482911
sst,parsec_t12,4,2100,2,0.82355213,0.015341544,0.0063932704,0.0089482732
sst,parsec_t12,4,2150,2,0.82355319,0.015341428,0.006393172,0.008948256
sst,parsec_t12,4,2200,2,0.82355422,0.015341315,0.0063930758,0.0089482393
sst,parsec_t12,4,2250,2,0.82355521,0.015341206,0.0063929828,0.0089482232
sst,parsec_t12,4,2300,2,0.82355615,0.015341103,0.0063928953,0.0089482076
sst,parsec_t12,4,2350,2,0.823557,0.015341008,0.0063928158,0.0089481924
sst,parsec_t12,4,2400,2,0.82355776,0.015340924,0.0063927467,0.0089481776
sst,parsec_t12,4,2450,2,0.82355841,0.015340853,0.0063926896,0.0089481632
sst,parsec_t12,4,2500,2,0.82355894,0.015340795,0.0063926454,0.0089481491
sst,parsec_t12,4,2550,2,0.82355938,0.015340749,0.0063926136,0.0089481353
sst,parsec_t12,4,2600,2,0.82355972,0.015340715,0.0063925927,0.0089481219
sst,parsec_t12,4,2650,2,0.82355999,0.01534069,0.0063925811,0.0089481088
sst,parsec_t12,4,2700,2,0.82356021,0.015340673,0.0063925765,0.0089480961
sst,parsec_t12,4,2750,2,0.82356038,0.015340661,0.0063925772,0.0089480838
sst,parsec_t12,4,2800,2,0.82356054,0.015340653,0.0063925812,0.008948072
sst,parsec_t12,4,2850,2,0.82356068,0.015340648,0.0063925872,0.0089480606
sst,parsec_t12,4,2900,2,0.82356082,0.015340644,0.0063925941,0.0089480496
sst,parsec_t12,4,2950,2,0.82356096,0.01534064,0.0063926011,0.008948039
sst,parsec_t12,4,3000,2,0.8235611,0.015340636,0.0063926077,0.0089480288
sst,parsec_t12,4,3050,2,0.82356124,0.015340633,0.0063926136,0.0089480189
sst,parsec_t12,4,3100,2,0.82356137,0.015340628,0.0063926191,0.0089480093
sst,parsec_t12,4,3150,2,0.8235615,0.015340624,0.0063926242,0.0089479999
sst,parsec_t12,4,3200,2,0.82356163,0.01534062,0.0063926291,0.0089479909
sst,parsec_t12,4,3250,2,0.82356175,0.015340616,0.0063926338,0.0089479821
sst,parsec_t12,4,3300,2,0.82356187,0.015340611,0.0063926379,0.0089479736
sst,parsec_t12,4,3350,2,0.823562,0.015340606,0.0063926412,0.0089479653
sst,parsec_t12,4,3400,2,0.82356213,0.0153406,0.0063926428,0.0089479573
sst,naca2412,6,400,1,0.80315926,0.023601534,0.01530358,0.0082979538
sst,naca2412,6,450,2,0.83447633,0.013824758,0.005161252,0.0086635058
sst,naca2412,6,500,2,0.8356009,0.013710069,0.0050541505,0.0086559183
sst,naca2412,6,550,2,0.83579386,0.013684992,0.0050290348,0.0086559569
sst,naca2412,6,600,2,0.83587385,0.013674159,0.0050185415,0.0086556172
sst,naca2412,6,650,2,0.83592329,0.013668059,0.0050123882,0.0086556703
sst,naca2412,6,700,2,0.83595644,0.01366376,0.0050081347,0.008655625
sst,naca2412,6,750,2,0.83598178,0.01366045,0.0050048603,0.0086555899
sst,naca2412,6,800,2,0.83600197,0.013657873,0.0050023208,0.0086555517
sst,naca2412,6,850,2,0.83601874,0.013655721,0.0050002202,0.0086555009
sst,naca2412,6,900,2,0.8360331,0.013653912,0.0049984754,0.008655437
sst,naca2412,6,950,2,0.83604591,0.013652244,0.004996887,0.0086553569
sst,naca2412,6,1000,2,0.83605831,0.013650637,0.0049953925,0.008655244
sst,naca2412,6,1050,2,0.83607036,0.013649034,0.0049939312,0.0086551033
sst,naca2412,6,1100,2,0.83608201,0.013647524,0.0049925496,0.008654974
sst,naca2412,6,1150,2,0.83609134,0.013646297,0.0049914246,0.0086548726
sst,naca2412,6,1200,2,0.83609708,0.013645549,0.0049907441,0.0086548049
sst,naca2412,6,1250,2,0.83609874,0.01364533,0.0049905651,0.0086547644
sst,naca2412,6,1300,2,0.83609737,0.013645523,0.004990788,0.0086547354
sst,naca2412,6,1350,2,0.83609469,0.013645905,0.0049911948,0.0086547104
sst,naca2412,6,1400,2,0.83609215,0.013646275,0.0049915903,0.0086546847
sst,naca2412,6,1450,2,0.83609049,0.013646525,0.0049918665,0.0086546581
sst,naca2412,6,1500,2,0.83608972,0.013646646,0.0049920144,0.0086546314
sst,naca2412,6,1550,2,0.83608944,0.013646692,0.0049920872,0.0086546051
sst,naca2412,6,1600,2,0.83608924,0.013646727,0.004992146,0.0086545808
sst,naca2412,6,1650,2,0.8360888,0.013646786,0.0049922279,0.0086545578
sst,naca2412,6,1700,2,0.8360881,0.013646876,0.0049923403,0.0086545356
sst,naca2412,6,1750,2,0.83608723,0.013646985,0.0049924709,0.0086545141
sst,naca2412,6,1800,2,0.83608633,0.013647098,0.0049926047,0.0086544931
sst,naca2412,6,1850,2,0.83608548,0.013647202,0.0049927295,0.0086544728
sst,naca2412,6,1900,2,0.83608478,0.01364729,0.0049928369,0.0086544531
sst,naca2412,6,1950,2,0.83608426,0.013647355,0.0049929214,0.008654434
sst,naca2412,6,2000,2,0.83608394,0.013647396,0.0049929808,0.0086544156
sst,naca2412,6,2050,2,0.83608383,0.013647413,0.0049930148,0.0086543979
sst,naca2412,6,2100,2,0.83608391,0.013647406,0.0049930251,0.0086543807
sst,naca2412,6,2150,2,0.83608414,0.01364738,0.0049930156,0.0086543642
sst,naca2412,6,2200,2,0.8360845,0.013647341,0.0049929922,0.0086543484
sst,naca2412,6,2250,2,0.83608492,0.013647295,0.0049929615,0.0086543333
sst,naca2412,6,2300,2,0.83608535,0.013647249,0.0049929297,0.0086543189
sst,naca2412,6,2350,2,0.83608574,0.013647207,0.0049929023,0.0086543052
sst,naca2412,6,2400,2,0.83608609,0.013647174,0.0049928819,0.008654292
sst,naca2412,6,2450,2,0.83608638,0.013647148,0.0049928684,0.0086542793
sst,naca2412,6,2500,2,0.83608664,0.013647126,0.0049928591,0.0086542671
sst,naca2412,6,2550,2,0.83608689,0.013647105,0.0049928498,0.0086542552
sst,naca2412,6,2600,2,0.83608716,0.01364708,0.004992836,0.0086542435
sst,naca2412,6,2650,2,0.83608749,0.013647046,0.0049928143,0.0086542321
sst,naca2412,6,2700,2,0.83608787,0.013647004,0.0049927834,0.008654221
sst,naca2412,6,2750,2,0.83608831,0.013646954,0.0049927439,0.00865421
sst,naca2412,6,2800,2,0.83608878,0.013646897,0.0049926981,0.0086541993
sst,naca2412,6,2850,2,0.83608926,0.013646838,0.0049926493,0.0086541888
sst,naca2412,6,2900,2,0.83608972,0.01364678,0.004992601,0.0086541787
sst,naca2412,6,2950,2,0.83609014,0.013646725,0.0049925563,0.0086541688
sst,naca2412,6,3000,2,0.83609051,0.013646677,0.0049925176,0.0086541592
sst,naca2412,6,3050,2,0.83609082,0.013646636,0.0049924864,0.0086541499
sst,naca2412,6,3100,2,0.83609107,0.013646604,0.0049924631,0.0086541409
sst,naca2412,6,3150,2,0.83609126,0.01364658,0.0049924474,0.0086541323
sst,naca2412,6,3200,2,0.83609141,0.013646562,0.0049924382,0.008654124
sst,naca2412,6,3250,2,0.83609152,0.01364655,0.0049924344,0.008654116
sst,naca2412,6,3300,2,0.8360916,0.013646543,0.0049924344,0.0086541084
sst,naca2412,6,3350,2,0.83609167,0.013646538,0.0049924371,0.008654101
sst,naca2412,6,3400,2,0.83609172,0.013646535,0.0049924413,0.0086540939
sst,smooth_s1,6,400,1,0.95038661,0.024896701,0.016390809,0.0085058922
sst,smooth_s1,6,450,2,0.97289213,0.015076465,0.0062807867,0.0087956783
sst,smooth_s1,6,500,2,0.97383985,0.014970171,0.0061799435,0.0087902279
sst,smooth_s1,6,550,2,0.97399298,0.014946788,0.00615692,0.0087898681
sst,smooth_s1,6,600,2,0.97405267,0.014936997,0.0061472211,0.0087897755
sst,smooth_s1,6,650,2,0.97409013,0.014931333,0.0061415766,0.0087897566
sst,smooth_s1,6,700,2,0.9741158,0.01492734,0.0061376226,0.0087897171
sst,smooth_s1,6,750,2,0.97413596,0.014924233,0.0061345558,0.0087896769
sst,smooth_s1,6,800,2,0.97415254,0.014921704,0.0061320728,0.008789631
sst,smooth_s1,6,850,2,0.97416664,0.014919547,0.0061299724,0.0087895743
sst,smooth_s1,6,900,2,0.97417881,0.014917664,0.0061281613,0.0087895028
sst,smooth_s1,6,950,2,0.97419014,0.014915983,0.0061265768,0.0087894066
sst,smooth_s1,6,1000,2,0.97420166,0.014914305,0.0061250288,0.0087892758
sst,smooth_s1,6,1050,2,0.97421372,0.014912599,0.0061234711,0.0087891284
sst,smooth_s1,6,1100,2,0.97422462,0.014910986,0.0061220104,0.0087889758
sst,smooth_s1,6,1150,2,0.97423354,0.014909715,0.0061208524,0.0087888624
sst,smooth_s1,6,1200,2,0.97423815,0.014909081,0.006120292,0.0087887885
sst,smooth_s1,6,1250,2,0.9742382,0.01490916,0.0061204161,0.0087887443
sst,smooth_s1,6,1300,2,0.97423484,0.014909797,0.0061210826,0.0087887145
sst,smooth_s1,6,1350,2,0.9742301,0.014910675,0.0061219865,0.0087886885
sst,smooth_s1,6,1400,2,0.97422573,0.014911498,0.0061228365,0.0087886614
sst,smooth_s1,6,1450,2,0.97422264,0.014912098,0.0061234661,0.0087886324
sst,smooth_s1,6,1500,2,0.97422094,0.014912454,0.0061238515,0.0087886021
sst,smooth_s1,6,1550,2,0.97422025,0.014912633,0.0061240604,0.0087885723
sst,smooth_s1,6,1600,2,0.97422004,0.014912725,0.0061241804,0.0087885441
sst,smooth_s1,6,1650,2,0.97421994,0.014912792,0.0061242742,0.0087885173
sst,smooth_s1,6,1700,2,0.97421977,0.01491286,0.0061243682,0.0087884915
sst,smooth_s1,6,1750,2,0.97421955,0.014912931,0.0061244646,0.0087884667
sst,smooth_s1,6,1800,2,0.97421933,0.014913,0.0061245576,0.0087884426
sst,smooth_s1,6,1850,2,0.97421915,0.014913059,0.0061246398,0.0087884193
sst,smooth_s1,6,1900,2,0.97421908,0.014913101,0.0061247044,0.0087883968
sst,smooth_s1,6,1950,2,0.97421914,0.014913122,0.0061247469,0.008788375
sst,smooth_s1,6,2000,2,0.97421935,0.014913119,0.0061247652,0.0087883538
sst,smooth_s1,6,2050,2,0.9742197,0.014913093,0.0061247599,0.0087883333
sst,smooth_s1,6,2100,2,0.97422018,0.014913047,0.0061247332,0.0087883135
sst,smooth_s1,6,2150,2,0.97422077,0.014912983,0.006124689,0.0087882944
sst,smooth_s1,6,2200,2,0.97422145,0.014912909,0.0061246329,0.008788276
sst,smooth_s1,6,2250,2,0.97422215,0.01491283,0.0061245717,0.0087882584
sst,smooth_s1,6,2300,2,0.97422284,0.014912753,0.0061245119,0.0087882415
sst,smooth_s1,6,2350,2,0.97422348,0.014912685,0.0061244594,0.0087882252
sst,smooth_s1,6,2400,2,0.97422405,0.014912627,0.0061244175,0.0087882096
sst,smooth_s1,6,2450,2,0.97422453,0.014912581,0.0061243866,0.0087881946
sst,smooth_s1,6,2500,2,0.97422495,0.014912544,0.0061243643,0.00878818
sst,smooth_s1,6,2550,2,0.97422533,0.014912512,0.0061243465,0.0087881658
sst,smooth_s1,6,2600,2,0.9742257,0.01491248,0.0061243284,0.0087881519
sst,smooth_s1,6,2650,2,0.97422607,0.014912445,0.0061243063,0.0087881384
sst,smooth_s1,6,2700,2,0.97422646,0.014912404,0.0061242784,0.0087881252
sst,smooth_s1,6,2750,2,0.97422688,0.014912357,0.0061242446,0.0087881122
sst,smooth_s1,6,2800,2,0.97422731,0.014912306,0.0061242064,0.0087880996
sst,smooth_s1,6,2850,2,0.97422774,0.014912254,0.0061241664,0.0087880873
sst,smooth_s1,6,2900,2,0.97422815,0.014912203,0.0061241275,0.0087880754
sst,smooth_s1,6,2950,2,0.97422852,0.014912156,0.0061240923,0.0087880638
sst,smooth_s1,6,3000,2,0.97422886,0.014912115,0.0061240628,0.0087880526
sst,smooth_s1,6,3050,2,0.97422915,0.014912082,0.0061240401,0.0087880418
sst,smooth_s1,6,3100,2,0.97422939,0.014912056,0.0061240245,0.0087880313
sst,smooth_s1,6,3150,2,0.97422958,0.014912037,0.0061240157,0.0087880212
sst,smooth_s1,6,3200,2,0.97422975,0.014912024,0.0061240128,0.0087880115
sst,smooth_s1,6,3250,2,0.97422988,0.014912017,0.0061240146,0.0087880022
sst,smooth_s1,6,3300,2,0.97423,0.014912013,0.0061240198,0.0087879931
sst,smooth_s1,6,3350,2,0.9742301,0.014912011,0.006124027,0.0087879844
sst,smooth_s1,6,3400,2,0.9742302,0.014912011,0.0061240348,0.008787976
sst,wavy_s1,6,400,1,0.90862457,0.024326048,0.015906261,0.0084197866
sst,wavy_s1,6,450,2,0.93620714,0.014731385,0.0060400988,0.0086912858
sst,wavy_s1,6,500,2,0.93717806,0.014621212,0.005937105,0.0086841075
sst,wavy_s1,6,550,2,0.93735411,0.014596417,0.0059124805,0.0086839361
sst,wavy_s1,6,600,2,0.93742299,0.014585732,0.0059019439,0.0086837876
sst,wavy_s1,6,650,2,0.93746588,0.01457956,0.0058957821,0.0086837777
sst,wavy_s1,6,700,2,0.93749513,0.014575201,0.0058914658,0.0086837354
sst,wavy_s1,6,750,2,0.93751769,0.014571828,0.0058881288,0.0086836989
sst,wavy_s1,6,800,2,0.93753605,0.014569119,0.0058854687,0.0086836506
sst,wavy_s1,6,850,2,0.93755144,0.014566853,0.0058832581,0.0086835949
sst,wavy_s1,6,900,2,0.93756471,0.014564898,0.0058813774,0.0086835207
sst,wavy_s1,6,950,2,0.93757672,0.01456315,0.0058797196,0.0086834309
sst,wavy_s1,6,1000,2,0.93758857,0.014561421,0.0058781164,0.0086833046
sst,wavy_s1,6,1050,2,0.93760037,0.014559672,0.0058765119,0.0086831598
sst,wavy_s1,6,1100,2,0.93761163,0.014558046,0.0058750323,0.0086830139
sst,wavy_s1,6,1150,2,0.93762062,0.014556738,0.0058738327,0.0086829054
sst,wavy_s1,6,1200,2,0.93762563,0.014556015,0.0058731816,0.0086828335
sst,wavy_s1,6,1250,2,0.9376262,0.01455595,0.005873159,0.0086827905
sst,wavy_s1,6,1300,2,0.93762348,0.014556397,0.0058736362,0.0086827607
sst,wavy_s1,6,1350,2,0.93761938,0.014557072,0.0058743372,0.0086827346
sst,wavy_s1,6,1400,2,0.93761557,0.014557712,0.0058750045,0.0086827077
sst,wavy_s1,6,1450,2,0.9376129,0.014558172,0.0058754929,0.0086826794
sst,wavy_s1,6,1500,2,0.93761143,0.014558435,0.0058757847,0.0086826505
sst,wavy_s1,6,1550,2,0.93761077,0.014558566,0.0058759436,0.0086826221
sst,wavy_s1,6,1600,2,0.93761042,0.014558643,0.0058760474,0.0086825953
sst,wavy_s1,6,1650,2,0.93761004,0.014558718,0.0058761485,0.0086825698
sst,wavy_s1,6,1700,2,0.93760951,0.01455881,0.0058762643,0.0086825453
sst,wavy_s1,6,1750,2,0.93760888,0.014558911,0.0058763897,0.0086825215
sst,wavy_s1,6,1800,2,0.93760824,0.014559012,0.0058765139,0.0086824984
sst,wavy_s1,6,1850,2,0.93760767,0.014559103,0.0058766268,0.0086824761
sst,wavy_s1,6,1900,2,0.93760724,0.014559175,0.0058767205,0.0086824545
sst,wavy_s1,6,1950,2,0.93760696,0.014559224,0.0058767899,0.0086824337
sst,wavy_s1,6,2000,2,0.93760687,0.014559246,0.0058768325,0.0086824135
sst,wavy_s1,6,2050,2,0.93760697,0.014559243,0.0058768487,0.008682394
sst,wavy_s1,6,2100,2,0.93760723,0.014559216,0.0058768408,0.0086823751
sst,wavy_s1,6,2150,2,0.93760763,0.01455917,0.0058768131,0.0086823569
sst,wavy_s1,6,2200,2,0.93760813,0.014559111,0.005876772,0.0086823395
sst,wavy_s1,6,2250,2,0.93760868,0.014559047,0.0058767243,0.0086823228
sst,wavy_s1,6,2300,2,0.93760922,0.014558984,0.0058766771,0.0086823068
sst,wavy_s1,6,2350,2,0.93760972,0.014558928,0.0058766362,0.0086822915
sst,wavy_s1,6,2400,2,0.93761016,0.014558881,0.0058766046,0.0086822767
sst,wavy_s1,6,2450,2,0.93761053,0.014558845,0.0058765825,0.0086822626
sst,wavy_s1,6,2500,2,0.93761085,0.014558816,0.005876567,0.0086822489
sst,wavy_s1,6,2550,2,0.93761114,0.014558789,0.0058765535,0.0086822355
sst,wavy_s1,6,2600,2,0.93761144,0.01455876,0.0058765373,0.0086822225
sst,wavy_s1,6,2650,2,0.93761177,0.014558725,0.0058765147,0.0086822098
sst,wavy_s1,6,2700,2,0.93761214,0.014558681,0.005876484,0.0086821973
sst,wavy_s1,6,2750,2,0.93761255,0.014558631,0.0058764457,0.0086821851
sst,wavy_s1,6,2800,2,0.93761299,0.014558575,0.0058764017,0.0086821732
sst,wavy_s1,6,2850,2,0.93761342,0.014558517,0.0058763552,0.0086821617
sst,wavy_s1,6,2900,2,0.93761384,0.01455846,0.0058763097,0.0086821504
sst,wavy_s1,6,2950,2,0.93761422,0.014558408,0.0058762682,0.0086821394
sst,wavy_s1,6,3000,2,0.93761455,0.014558362,0.0058762329,0.0086821288
sst,wavy_s1,6,3050,2,0.93761482,0.014558324,0.0058762054,0.0086821184
sst,wavy_s1,6,3100,2,0.93761504,0.014558294,0.0058761858,0.0086821084
sst,wavy_s1,6,3150,2,0.93761522,0.014558273,0.0058761738,0.0086820987
sst,wavy_s1,6,3200,2,0.93761535,0.014558258,0.0058761684,0.0086820895
sst,wavy_s1,6,3250,2,0.93761545,0.014558249,0.0058761683,0.0086820805
sst,wavy_s1,6,3300,2,0.93761553,0.014558244,0.0058761721,0.0086820719
sst,wavy_s1,6,3350,2,0.93761559,0.014558242,0.0058761782,0.0086820636
sst,wavy_s1,6,3400,2,0.93761564,0.014558241,0.0058761854,0.0086820556
sst,parsec_t12,6,400,1,0.99429613,0.028518615,0.019913089,0.0086055259
sst,parsec_t12,6,450,2,0.99265561,0.017967096,0.0091312442,0.0088358521
sst,parsec_t12,6,500,2,0.99321871,0.017911322,0.0090768339,0.0088344879
sst,parsec_t12,6,550,2,0.99322748,0.017901628,0.0090685462,0.0088330817
sst,parsec_t12,6,600,2,0.99325679,0.01789849,0.0090654319,0.0088330585
sst,parsec_t12,6,650,2,0.99326797,0.017896983,0.0090639097,0.0088330733
sst,parsec_t12,6,700,2,0.99327622,0.017895848,0.0090627992,0.0088330488
sst,parsec_t12,6,750,2,0.9932838,0.017894769,0.0090617519,0.0088330174
sst,parsec_t12,6,800,2,0.99329079,0.017893768,0.0090607876,0.0088329809
sst,parsec_t12,6,850,2,0.99329738,0.017892838,0.0090599012,0.008832937
sst,parsec_t12,6,900,2,0.99330369,0.01789195,0.0090590683,0.0088328816
sst,parsec_t12,6,950,2,0.99331035,0.017891069,0.0090582646,0.0088328042
sst,parsec_t12,6,1000,2,0.99331831,0.01789007,0.009057379,0.0088326909
sst,parsec_t12,6,1050,2,0.99332749,0.01788898,0.0090564231,0.0088325568
sst,parsec_t12,6,1100,2,0.99333584,0.01788789,0.009055466,0.0088324237
sst,parsec_t12,6,1150,2,0.99334224,0.017887133,0.0090548078,0.008832325
sst,parsec_t12,6,1200,2,0.99334445,0.017887033,0.0090547717,0.0088322614
sst,parsec_t12,6,1250,2,0.99334213,0.017887698,0.0090554737,0.0088322239
sst,parsec_t12,6,1300,2,0.99333652,0.017888945,0.0090567466,0.0088321987
sst,parsec_t12,6,1350,2,0.99332969,0.017890416,0.0090582396,0.0088321759
sst,parsec_t12,6,1400,2,0.99332351,0.017891756,0.0090596049,0.0088321509
sst,parsec_t12,6,1450,2,0.99331905,0.017892759,0.0090606361,0.0088321228
sst,parsec_t12,6,1500,2,0.99331658,0.017893384,0.0090612901,0.0088320936
sst,parsec_t12,6,1550,2,0.99331571,0.017893697,0.0090616318,0.0088320651
sst,parsec_t12,6,1600,2,0.99331592,0.017893799,0.0090617618,0.0088320377
sst,parsec_t12,6,1650,2,0.99331673,0.017893781,0.009061769,0.0088320118
sst,parsec_t12,6,1700,2,0.99331783,0.017893702,0.0090617152,0.0088319872
sst,parsec_t12,6,1750,2,0.99331903,0.0178936,0.0090616358,0.0088319638
sst,parsec_t12,6,1800,2,0.99332023,0.017893488,0.0090615469,0.0088319413
sst,parsec_t12,6,1850,2,0.99332143,0.017893373,0.0090614531,0.0088319196
sst,parsec_t12,6,1900,2,0.9933226,0.017893253,0.009061355,0.0088318985
sst,parsec_t12,6,1950,2,0.99332375,0.01789313,0.0090612526,0.0088318778
sst,parsec_t12,6,2000,2,0.9933249,0.017893004,0.0090611465,0.0088318576
sst,parsec_t12,6,2050,2,0.99332605,0.017892875,0.0090610371,0.008831838
sst,parsec_t12,6,2100,2,0.99332719,0.017892744,0.0090609246,0.0088318191
sst,parsec_t12,6,2150,2,0.99332834,0.01789261,0.0090608095,0.0088318008
sst,parsec_t12,6,2200,2,0.99332949,0.017892476,0.0090606931,0.0088317833
sst,parsec_t12,6,2250,2,0.99333061,0.017892344,0.0090605781,0.0088317664
sst,parsec_t12,6,2300,2,0.99333168,0.017892218,0.0090604684,0.00883175
sst,parsec_t12,6,2350,2,0.99333268,0.017892102,0.0090603682,0.0088317342
sst,parsec_t12,6,2400,2,0.99333357,0.017892,0.0090602811,0.0088317189
sst,parsec_t12,6,2450,2,0.99333435,0.017891913,0.0090602092,0.008831704
sst,parsec_t12,6,2500,2,0.99333502,0.017891842,0.0090601527,0.0088316895
sst,parsec_t12,6,2550,2,0.99333559,0.017891786,0.0090601102,0.0088316754
sst,parsec_t12,6,2600,2,0.99333607,0.017891741,0.0090600793,0.0088316615
sst,parsec_t12,6,2650,2,0.99333649,0.017891705,0.0090600571,0.0088316481
sst,parsec_t12,6,2700,2,0.99333686,0.017891676,0.0090600409,0.008831635
sst,parsec_t12,6,2750,2,0.99333719,0.017891651,0.0090600288,0.0088316223
sst,parsec_t12,6,2800,2,0.99333751,0.017891629,0.0090600194,0.0088316101
sst,parsec_t12,6,2850,2,0.99333782,0.01789161,0.0090600119,0.0088315982
sst,parsec_t12,6,2900,2,0.99333811,0.017891593,0.0090600058,0.0088315868
sst,parsec_t12,6,2950,2,0.9933384,0.017891577,0.0090600011,0.0088315758
sst,parsec_t12,6,3000,2,0.99333867,0.017891563,0.0090599977,0.0088315651
sst,parsec_t12,6,3050,2,0.99333893,0.017891551,0.0090599957,0.0088315548
sst,parsec_t12,6,3100,2,0.99333918,0.01789154,0.0090599952,0.0088315449
sst,parsec_t12,6,3150,2,0.9933394,0.017891532,0.0090599963,0.0088315352
sst,parsec_t12,6,3200,2,0.99333962,0.017891525,0.0090599989,0.0088315259
sst,parsec_t12,6,3250,2,0.99333982,0.01789152,0.0090600028,0.0088315168
sst,parsec_t12,6,3300,2,0.99334002,0.017891515,0.0090600073,0.008831508
sst,parsec_t12,6,3350,2,0.99334021,0.017891511,0.0090600115,0.0088314995
sst,parsec_t12,6,3400,2,0.99334042,0.017891506,0.0090600145,0.0088314912
sst,naca2412,2,400,1,0.41452168,0.016302943,0.0073558983,0.0089470445
sst,naca2412,2,450,2,0.42066227,0.011489598,0.0025410315,0.0089485668
sst,naca2412,2,500,2,0.42089716,0.011465923,0.0025266275,0.0089392952
sst,naca2412,2,550,2,0.42095891,0.011460297,0.0025230245,0.0089372724
sst,naca2412,2,600,2,0.42097838,0.011458977,0.0025217419,0.0089372349
sst,naca2412,2,650,2,0.42099016,0.011458219,0.002521005,0.0089372138
sst,naca2412,2,700,2,0.42099867,0.011457663,0.0025204691,0.008937194
sst,naca2412,2,750,2,0.42100554,0.011457202,0.0025200377,0.0089371644
sst,naca2412,2,800,2,0.42101142,0.011456791,0.0025196604,0.0089371308
sst,naca2412,2,850,2,0.42101646,0.011456427,0.0025193395,0.0089370878
sst,naca2412,2,900,2,0.42102092,0.011456091,0.0025190564,0.0089370344
sst,naca2412,2,950,2,0.42102504,0.011455743,0.0025187869,0.0089369558
sst,naca2412,2,1000,2,0.42102928,0.01145535,0.0025185059,0.0089368436
sst,naca2412,2,1050,2,0.42103377,0.011454918,0.0025182104,0.0089367076
sst,naca2412,2,1100,2,0.4210382,0.011454502,0.002517922,0.0089365796
sst,naca2412,2,1150,2,0.42104149,0.011454181,0.0025177082,0.0089364725
sst,naca2412,2,1200,2,0.42104288,0.011454014,0.0025176151,0.0089363985
sst,naca2412,2,1250,2,0.42104214,0.011454014,0.0025176629,0.0089363512
sst,naca2412,2,1300,2,0.42103976,0.011454135,0.0025178185,0.0089363165
sst,naca2412,2,1350,2,0.4210367,0.011454304,0.0025180195,0.0089362849
sst,naca2412,2,1400,2,0.42103384,0.01145446,0.0025182073,0.008936253
sst,naca2412,2,1450,2,0.4210317,0.011454568,0.0025183476,0.0089362206
sst,naca2412,2,1500,2,0.42103037,0.011454623,0.0025184343,0.0089361889
sst,naca2412,2,1550,2,0.42102968,0.011454638,0.0025184792,0.0089361587
sst,naca2412,2,1600,2,0.42102937,0.011454629,0.0025184988,0.0089361301
sst,naca2412,2,1650,2,0.42102924,0.011454609,0.0025185062,0.0089361029
sst,naca2412,2,1700,2,0.42102919,0.011454586,0.0025185087,0.0089360769
sst,naca2412,2,1750,2,0.42102916,0.011454561,0.0025185094,0.0089360521
sst,naca2412,2,1800,2,0.42102916,0.011454537,0.0025185089,0.0089360282
sst,naca2412,2,1850,2,0.42102918,0.011454512,0.0025185065,0.0089360054
sst,naca2412,2,1900,2,0.42102925,0.011454485,0.0025185015,0.0089359833
sst,naca2412,2,1950,2,0.42102937,0.011454455,0.0025184933,0.0089359621
sst,naca2412,2,2000,2,0.42102954,0.011454423,0.0025184816,0.0089359416
sst,naca2412,2,2050,2,0.42102977,0.011454388,0.0025184665,0.0089359218
sst,naca2412,2,2100,2,0.42103004,0.011454351,0.0025184484,0.0089359027
sst,naca2412,2,2150,2,0.42103036,0.011454312,0.0025184278,0.0089358843
sst,naca2412,2,2200,2,0.4210307,0.011454272,0.0025184057,0.0089358665
sst,naca2412,2,2250,2,0.42103105,0.011454233,0.0025183833,0.0089358494
sst,naca2412,2,2300,2,0.42103138,0.011454195,0.0025183618,0.0089358329
sst,naca2412,2,2350,2,0.42103168,0.011454159,0.0025183423,0.0089358169
sst,naca2412,2,2400,2,0.42103193,0.011454127,0.0025183255,0.0089358014
sst,naca2412,2,2450,2,0.42103214,0.011454098,0.0025183114,0.0089357863
sst,naca2412,2,2500,2,0.42103232,0.011454072,0.0025182998,0.0089357717
sst,naca2412,2,2550,2,0.42103246,0.011454047,0.0025182899,0.0089357576
sst,naca2412,2,2600,2,0.42103259,0.011454025,0.002518281,0.0089357438
sst,naca2412,2,2650,2,0.42103272,0.011454003,0.0025182724,0.0089357304
sst,naca2412,2,2700,2,0.42103284,0.011453981,0.0025182637,0.0089357175
sst,naca2412,2,2750,2,0.42103297,0.01145396,0.0025182548,0.0089357049
sst,naca2412,2,2800,2,0.42103311,0.011453938,0.0025182457,0.0089356927
sst,naca2412,2,2850,2,0.42103324,0.011453918,0.0025182367,0.0089356809
sst,naca2412,2,2900,2,0.42103336,0.011453898,0.0025182282,0.0089356694
sst,naca2412,2,2950,2,0.42103348,0.011453879,0.0025182203,0.0089356583
sst,naca2412,2,3000,2,0.42103358,0.011453861,0.0025182133,0.0089356476
sst,naca2412,2,3050,2,0.42103366,0.011453845,0.0025182074,0.0089356372
sst,naca2412,2,3100,2,0.42103373,0.01145383,0.0025182025,0.008935627
sst,naca2412,2,3150,2,0.42103378,0.011453816,0.0025181987,0.0089356172
sst,naca2412,2,3200,2,0.42103382,0.011453803,0.0025181957,0.0089356077
sst,naca2412,2,3250,2,0.42103385,0.011453792,0.0025181935,0.0089355985
sst,naca2412,2,3300,2,0.42103387,0.011453781,0.0025181919,0.0089355895
sst,naca2412,2,3350,2,0.42103389,0.011453771,0.0025181905,0.0089355808
sst,naca2412,2,3400,2,0.42103391,0.011453762,0.0025181893,0.0089355724
sst,smooth_s1,2,400,1,0.57194685,0.017257319,0.0081825855,0.0090747336
sst,smooth_s1,2,450,2,0.57745984,0.012131867,0.0031168667,0.009015
sst,smooth_s1,2,500,2,0.57774118,0.012104236,0.0030990007,0.0090052354
sst,smooth_s1,2,550,2,0.57782292,0.012097615,0.0030940737,0.0090035414
sst,smooth_s1,2,600,2,0.57784384,0.012095739,0.0030921969,0.0090035419
sst,smooth_s1,2,650,2,0.57785608,0.012094647,0.0030911316,0.0090035155
sst,smooth_s1,2,700,2,0.57786513,0.012093848,0.0030903576,0.0090034904
sst,smooth_s1,2,750,2,0.57787267,0.012093162,0.0030897081,0.0090034544
sst,smooth_s1,2,800,2,0.5778793,0.012092551,0.0030891383,0.0090034131
sst,smooth_s1,2,850,2,0.57788507,0.012092012,0.0030886506,0.0090033611
sst,smooth_s1,2,900,2,0.57789021,0.012091513,0.0030882184,0.0090032948
sst,smooth_s1,2,950,2,0.57789508,0.012091007,0.0030878074,0.0090032
sst,smooth_s1,2,1000,2,0.57790007,0.012090464,0.0030874041,0.0090030603
sst,smooth_s1,2,1050,2,0.5779055,0.01208987,0.0030869735,0.0090028962
sst,smooth_s1,2,1100,2,0.5779109,0.012089298,0.0030865537,0.0090027441
sst,smooth_s1,2,1150,2,0.57791474,0.012088873,0.0030862509,0.0090026218
sst,smooth_s1,2,1200,2,0.57791617,0.012088699,0.0030861604,0.009002539
sst,smooth_s1,2,1250,2,0.5779147,0.012088808,0.0030863243,0.0090024841
sst,smooth_s1,2,1300,2,0.57791102,0.012089128,0.0030866862,0.0090024421
sst,smooth_s1,2,1350,2,0.57790645,0.012089534,0.0030871302,0.0090024034
sst,smooth_s1,2,1400,2,0.57790219,0.012089908,0.0030875437,0.0090023645
sst,smooth_s1,2,1450,2,0.57789898,0.012090185,0.0030878589,0.0090023256
sst,smooth_s1,2,1500,2,0.57789698,0.012090351,0.0030880627,0.0090022881
sst,smooth_s1,2,1550,2,0.57789592,0.01209043,0.0030881772,0.0090022527
sst,smooth_s1,2,1600,2,0.57789547,0.012090454,0.0030882345,0.0090022193
sst,smooth_s1,2,1650,2,0.57789534,0.012090449,0.0030882613,0.0090021878
sst,smooth_s1,2,1700,2,0.57789536,0.012090432,0.0030882738,0.0090021579
sst,smooth_s1,2,1750,2,0.57789543,0.012090409,0.0030882799,0.0090021293
sst,smooth_s1,2,1800,2,0.57789555,0.012090384,0.003088282,0.009002102
sst,smooth_s1,2,1850,2,0.5778957,0.012090356,0.0030882799,0.0090020757
sst,smooth_s1,2,1900,2,0.57789591,0.012090323,0.0030882729,0.0090020504
sst,smooth_s1,2,1950,2,0.57789617,0.012090286,0.0030882603,0.009002026
sst,smooth_s1,2,2000,2,0.57789649,0.012090244,0.0030882419,0.0090020024
sst,smooth_s1,2,2050,2,0.57789687,0.012090198,0.003088218,0.0090019797
sst,smooth_s1,2,2100,2,0.5778973,0.012090147,0.0030881892,0.0090019578
sst,smooth_s1,2,2150,2,0.57789777,0.012090093,0.0030881566,0.0090019368
sst,smooth_s1,2,2200,2,0.57789826,0.012090038,0.0030881218,0.0090019165
sst,smooth_s1,2,2250,2,0.57789875,0.012089984,0.0030880869,0.0090018969
sst,smooth_s1,2,2300,2,0.57789921,0.012089932,0.0030880539,0.0090018779
sst,smooth_s1,2,2350,2,0.57789962,0.012089884,0.0030880248,0.0090018595
sst,smooth_s1,2,2400,2,0.57789996,0.012089842,0.0030880007,0.0090018417
sst,smooth_s1,2,2450,2,0.57790025,0.012089806,0.0030879819,0.0090018243
sst,smooth_s1,2,2500,2,0.57790047,0.012089775,0.0030879678,0.0090018075
sst,smooth_s1,2,2550,2,0.57790066,0.012089748,0.0030879573,0.009001791
sst,smooth_s1,2,2600,2,0.57790081,0.012089724,0.003087949,0.0090017751
sst,smooth_s1,2,2650,2,0.57790095,0.012089701,0.0030879418,0.0090017596
sst,smooth_s1,2,2700,2,0.57790109,0.012089679,0.0030879348,0.0090017446
sst,smooth_s1,2,2750,2,0.57790122,0.012089658,0.0030879276,0.00900173
sst,smooth_s1,2,2800,2,0.57790136,0.012089636,0.0030879203,0.0090017159
sst,smooth_s1,2,2850,2,0.57790149,0.012089615,0.0030879132,0.0090017022
sst,smooth_s1,2,2900,2,0.57790161,0.012089595,0.0030879066,0.0090016887
sst,smooth_s1,2,2950,2,0.57790173,0.012089577,0.0030879008,0.0090016757
sst,smooth_s1,2,3000,2,0.57790183,0.012089559,0.0030878963,0.009001663
sst,smooth_s1,2,3050,2,0.57790191,0.012089544,0.0030878931,0.0090016508
sst,smooth_s1,2,3100,2,0.57790198,0.01208953,0.0030878914,0.0090016389
sst,smooth_s1,2,3150,2,0.57790203,0.012089518,0.003087891,0.0090016273
sst,smooth_s1,2,3200,2,0.57790206,0.012089508,0.0030878918,0.0090016161
sst,smooth_s1,2,3250,2,0.57790209,0.012089499,0.0030878935,0.0090016053
sst,smooth_s1,2,3300,2,0.57790211,0.01208949,0.0030878958,0.0090015947
sst,smooth_s1,2,3350,2,0.57790212,0.012089483,0.0030878983,0.0090015845
sst,smooth_s1,2,3400,2,0.57790214,0.012089475,0.0030879007,0.0090015746
sst,wavy_s1,2,400,1,0.51875726,0.016900177,0.0079506538,0.0089495227
sst,wavy_s1,2,450,2,0.52897356,0.011877553,0.0029755148,0.0089020377
sst,wavy_s1,2,500,2,0.52927199,0.011846194,0.0029540711,0.0088921232
sst,wavy_s1,2,550,2,0.52936002,0.01183863,0.0029482089,0.0088904208
sst,wavy_s1,2,600,2,0.52938914,0.011836227,0.002945816,0.0088904106
sst,wavy_s1,2,650,2,0.52940641,0.011834815,0.0029444311,0.0088903843
sst,wavy_s1,2,700,2,0.52941876,0.011833802,0.002943439,0.0088903633
sst,wavy_s1,2,750,2,0.52942856,0.011832982,0.0029426499,0.0088903322
sst,wavy_s1,2,800,2,0.52943677,0.011832284,0.002941988,0.0088902955
sst,wavy_s1,2,850,2,0.52944372,0.011831672,0.0029414247,0.0088902471
sst,wavy_s1,2,900,2,0.52944975,0.011831125,0.0029409375,0.0088901873
sst,wavy_s1,2,950,2,0.52945525,0.011830598,0.0029404991,0.0088900989
sst,wavy_s1,2,1000,2,0.52946064,0.011830031,0.0029400627,0.008889968
sst,wavy_s1,2,1050,2,0.52946611,0.011829425,0.0029396151,0.0088898103
sst,wavy_s1,2,1100,2,0.52947143,0.011828857,0.0029391887,0.0088896683
sst,wavy_s1,2,1150,2,0.52947547,0.011828414,0.0029388635,0.00888955
sst,wavy_s1,2,1200,2,0.52947731,0.01182819,0.0029387205,0.0088894696
sst,wavy_s1,2,1250,2,0.52947657,0.011828203,0.0029387867,0.0088894165
sst,wavy_s1,2,1300,2,0.52947386,0.011828393,0.0029390166,0.0088893763
sst,wavy_s1,2,1350,2,0.52947031,0.011828657,0.002939317,0.0088893395
sst,wavy_s1,2,1400,2,0.52946696,0.011828902,0.0029395997,0.0088893026
sst,wavy_s1,2,1450,2,0.52946444,0.011829079,0.0029398128,0.0088892657
sst,wavy_s1,2,1500,2,0.52946285,0.011829178,0.0029399482,0.0088892299
sst,wavy_s1,2,1550,2,0.52946195,0.011829221,0.0029400249,0.0088891958
sst,wavy_s1,2,1600,2,0.52946145,0.011829232,0.0029400684,0.0088891637
sst,wavy_s1,2,1650,2,0.52946111,0.011829231,0.0029400978,0.0088891332
sst,wavy_s1,2,1700,2,0.52946083,0.011829227,0.0029401225,0.0088891041
sst,wavy_s1,2,1750,2,0.52946057,0.011829221,0.0029401454,0.008889076
sst,wavy_s1,2,1800,2,0.52946033,0.011829215,0.002940166,0.008889049
sst,wavy_s1,2,1850,2,0.52946014,0.011829206,0.0029401828,0.008889023
sst,wavy_s1,2,1900,2,0.52946003,0.011829192,0.0029401938,0.0088889981
sst,wavy_s1,2,1950,2,0.52946,0.011829172,0.0029401981,0.008888974
sst,wavy_s1,2,2000,2,0.52946006,0.011829146,0.0029401952,0.008888951
sst,wavy_s1,2,2050,2,0.52946021,0.011829114,0.0029401852,0.0088889287
sst,wavy_s1,2,2100,2,0.52946044,0.011829076,0.0029401688,0.0088889074
sst,wavy_s1,2,2150,2,0.52946073,0.011829034,0.0029401475,0.0088888868
sst,wavy_s1,2,2200,2,0.52946106,0.01182899,0.0029401231,0.008888867
sst,wavy_s1,2,2250,2,0.5294614,0.011828946,0.0029400977,0.0088888479
sst,wavy_s1,2,2300,2,0.52946172,0.011828903,0.0029400735,0.0088888294
sst,wavy_s1,2,2350,2,0.52946201,0.011828864,0.0029400524,0.0088888115
sst,wavy_s1,2,2400,2,0.52946224,0.011828829,0.0029400351,0.0088887939
sst,wavy_s1,2,2450,2,0.52946243,0.011828798,0.0029400216,0.0088887768
sst,wavy_s1,2,2500,2,0.52946257,0.011828772,0.0029400114,0.0088887602
sst,wavy_s1,2,2550,2,0.52946269,0.011828747,0.0029400032,0.008888744
sst,wavy_s1,2,2600,2,0.5294628,0.011828724,0.0029399956,0.0088887283
sst,wavy_s1,2,2650,2,0.52946291,0.011828701,0.0029399875,0.008888713
sst,wavy_s1,2,2700,2,0.52946303,0.011828677,0.0029399784,0.0088886982
sst,wavy_s1,2,2750,2,0.52946317,0.011828652,0.0029399681,0.0088886839
sst,wavy_s1,2,2800,2,0.52946332,0.011828627,0.0029399571,0.00888867
sst,wavy_s1,2,2850,2,0.52946346,0.011828602,0.0029399458,0.0088886565
sst,wavy_s1,2,2900,2,0.5294636,0.011828579,0.0029399351,0.0088886434
sst,wavy_s1,2,2950,2,0.52946373,0.011828556,0.0029399254,0.0088886305
sst,wavy_s1,2,3000,2,0.52946384,0.011828535,0.0029399171,0.0088886179
sst,wavy_s1,2,3050,2,0.52946393,0.011828516,0.0029399107,0.0088886058
sst,wavy_s1,2,3100,2,0.52946399,0.0118285,0.0029399062,0.008888594
sst,wavy_s1,2,3150,2,0.52946404,0.011828486,0.0029399034,0.0088885825
sst,wavy_s1,2,3200,2,0.52946406,0.011828474,0.0029399021,0.0088885714
sst,wavy_s1,2,3250,2,0.52946408,0.011828463,0.0029399021,0.0088885607
sst,wavy_s1,2,3300,2,0.52946408,0.011828453,0.0029399029,0.0088885503
sst,wavy_s1,2,3350,2,0.52946407,0.011828444,0.0029399043,0.0088885401
sst,wavy_s1,2,3400,2,0.52946406,0.011828436,0.0029399058,0.0088885303
sst,parsec_t12,2,400,1,0.65069265,0.01997693,0.011009559,0.0089673704
sst,parsec_t12,2,450,2,0.64015358,0.013659217,0.0046796567,0.0089795601
sst,parsec_t12,2,500,2,0.64043085,0.013647566,0.0046750256,0.0089725407
sst,parsec_t12,2,550,2,0.64047559,0.013645201,0.0046748379,0.0089703628
sst,parsec_t12,2,600,2,0.640468,0.013646217,0.0046758566,0.0089703601
sst,parsec_t12,2,650,2,0.64046401,0.013646794,0.0046764504,0.0089703441
sst,parsec_t12,2,700,2,0.64046206,0.013647153,0.0046768261,0.0089703264
sst,parsec_t12,2,750,2,0.64046186,0.013647277,0.0046769756,0.0089703016
sst,parsec_t12,2,800,2,0.64046273,0.013647269,0.0046769968,0.0089702721
sst,parsec_t12,2,850,2,0.64046403,0.013647195,0.0046769606,0.0089702341
sst,parsec_t12,2,900,2,0.64046573,0.013647066,0.0046768795,0.0089701863
sst,parsec_t12,2,950,2,0.64046793,0.013646878,0.0046767578,0.0089701201
sst,parsec_t12,2,1000,2,0.64047128,0.013646592,0.0046765708,0.0089700211
sst,parsec_t12,2,1050,2,0.64047527,0.013646222,0.004676322,0.0089699004
sst,parsec_t12,2,1100,2,0.64047953,0.01364584,0.0046760539,0.008969786
sst,parsec_t12,2,1150,2,0.64048231,0.013645606,0.0046759114,0.008969695
sst,parsec_t12,2,1200,2,0.64048216,0.013645672,0.0046760393,0.0089696324
sst,parsec_t12,2,1250,2,0.64047871,0.013646084,0.0046764925,0.0089695911
sst,parsec_t12,2,1300,2,0.6404728,0.013646756,0.0046771963,0.0089695598
sst,parsec_t12,2,1350,2,0.64046602,0.013647522,0.0046779912,0.0089695307
sst,parsec_t12,2,1400,2,0.64045989,0.013648219,0.0046787177,0.008969501
sst,parsec_t12,2,1450,2,0.64045532,0.013648747,0.0046792758,0.0089694713
sst,parsec_t12,2,1500,2,0.64045252,0.013649081,0.0046796387,0.0089694427
sst,parsec_t12,2,1550,2,0.64045126,0.013649247,0.0046798309,0.0089694159
sst,parsec_t12,2,1600,2,0.6404511,0.01364929,0.0046798987,0.008969391
sst,parsec_t12,2,1650,2,0.64045165,0.013649256,0.0046798884,0.0089693678
sst,parsec_t12,2,1700,2,0.64045257,0.013649182,0.0046798354,0.0089693462
sst,parsec_t12,2,1750,2,0.64045367,0.013649087,0.0046797613,0.0089693259
sst,parsec_t12,2,1800,2,0.64045483,0.013648984,0.0046796779,0.0089693065
sst,parsec_t12,2,1850,2,0.64045598,0.013648879,0.0046795917,0.0089692877
sst,parsec_t12,2,1900,2,0.64045709,0.013648777,0.0046795073,0.0089692695
sst,parsec_t12,2,1950,2,0.64045813,0.013648678,0.0046794265,0.0089692517
sst,parsec_t12,2,2000,2,0.64045912,0.013648584,0.0046793497,0.0089692344
sst,parsec_t12,2,2050,2,0.64046006,0.013648494,0.0046792764,0.0089692176
sst,parsec_t12,2,2100,2,0.64046097,0.013648407,0.0046792057,0.0089692013
sst,parsec_t12,2,2150,2,0.64046185,0.013648323,0.004679137,0.0089691855
sst,parsec_t12,2,2200,2,0.6404627,0.013648241,0.0046790705,0.0089691703
sst,parsec_t12,2,2250,2,0.64046351,0.013648162,0.0046790068,0.0089691555
sst,parsec_t12,2,2300,2,0.64046427,0.013648088,0.0046789471,0.0089691412
sst,parsec_t12,2,2350,2,0.64046497,0.01364802,0.0046788929,0.0089691272
sst,parsec_t12,2,2400,2,0.64046558,0.013647959,0.0046788457,0.0089691135
sst,parsec_t12,2,2450,2,0.6404661,0.013647907,0.0046788066,0.0089691001
sst,parsec_t12,2,2500,2,0.64046653,0.013647863,0.0046787761,0.008969087
sst,parsec_t12,2,2550,2,0.64046686,0.013647828,0.0046787542,0.0089690742
sst,parsec_t12,2,2600,2,0.64046712,0.013647802,0.0046787401,0.0089690616
sst,parsec_t12,2,2650,2,0.64046731,0.013647782,0.0046787328,0.0089690494
sst,parsec_t12,2,2700,2,0.64046745,0.013647768,0.0046787309,0.0089690376
sst,parsec_t12,2,2750,2,0.64046755,0.013647759,0.0046787328,0.0089690262
sst,parsec_t12,2,2800,2,0.64046764,0.013647752,0.0046787371,0.0089690152
sst,parsec_t12,2,2850,2,0.64046772,0.013647747,0.0046787427,0.0089690046
sst,parsec_t12,2,2900,2,0.64046779,0.013647743,0.0046787487,0.0089689943
sst,parsec_t12,2,2950,2,0.64046787,0.013647739,0.0046787544,0.0089689845
sst,parsec_t12,2,3000,2,0.64046795,0.013647734,0.0046787593,0.008968975
sst,parsec_t12,2,3050,2,0.64046803,0.013647729,0.0046787634,0.0089689658
sst,parsec_t12,2,3100,2,0.64046811,0.013647724,0.0046787667,0.0089689568
sst,parsec_t12,2,3150,2,0.6404682,0.013647718,0.0046787695,0.0089689481
sst,parsec_t12,2,3200,2,0.64046828,0.013647711,0.0046787717,0.0089689396
sst,parsec_t12,2,3250,2,0.64046837,0.013647705,0.0046787736,0.0089689314
sst,parsec_t12,2,3300,2,0.64046845,0.013647698,0.004678775,0.0089689234
sst,parsec_t12,2,3350,2,0.64046855,0.013647691,0.0046787756,0.0089689157
sst,parsec_t12,2,3400,2,0.64046865,0.013647683,0.0046787752,0.0089689082
sst,naca2412,0,400,1,0.20581108,0.015110534,0.0061236569,0.0089868766
sst,naca2412,0,450,2,0.2070677,0.011068234,0.0021188821,0.0089493521
sst,naca2412,0,500,2,0.20716616,0.01105318,0.0021127621,0.0089404182
sst,naca2412,0,550,2,0.20719814,0.011049786,0.0021114167,0.0089383692
sst,naca2412,0,600,2,0.2072045,0.011049466,0.0021111936,0.0089382724
sst,naca2412,0,650,2,0.20720814,0.011049322,0.0021110724,0.00893825
sst,naca2412,0,700,2,0.20721089,0.011049204,0.0021109763,0.0089382279
sst,naca2412,0,750,2,0.20721332,0.011049085,0.002110887,0.0089381979
sst,naca2412,0,800,2,0.20721549,0.011048964,0.0021108034,0.0089381603
sst,naca2412,0,850,2,0.20721737,0.011048842,0.0021107266,0.0089381158
sst,naca2412,0,900,2,0.20721905,0.011048715,0.0021106531,0.008938062
sst,naca2412,0,950,2,0.20722066,0.011048557,0.002110573,0.0089379842
sst,naca2412,0,1000,2,0.20722236,0.011048349,0.002110477,0.008937872
sst,naca2412,0,1050,2,0.20722423,0.011048109,0.0021103693,0.0089377395
sst,naca2412,0,1100,2,0.20722605,0.011047879,0.0021102657,0.0089376134
sst,naca2412,0,1150,2,0.2072274,0.011047701,0.0021101876,0.0089375131
sst,naca2412,0,1200,2,0.20722781,0.011047595,0.0021101511,0.0089374441
sst,naca2412,0,1250,2,0.20722712,0.011047557,0.0021101588,0.0089373983
sst,naca2412,0,1300,2,0.20722559,0.011047562,0.0021101978,0.0089373639
sst,naca2412,0,1350,2,0.20722372,0.011047581,0.0021102485,0.0089373326
sst,naca2412,0,1400,2,0.20722199,0.011047596,0.0021102946,0.0089373014
sst,naca2412,0,1450,2,0.20722067,0.011047598,0.0021103273,0.0089372703
sst,naca2412,0,1500,2,0.20721981,0.011047585,0.002110345,0.00893724
sst,naca2412,0,1550,2,0.20721935,0.011047562,0.0021103504,0.0089372112
sst,naca2412,0,1600,2,0.20721914,0.011047532,0.0021103477,0.0089371839
sst,naca2412,0,1650,2,0.20721907,0.011047499,0.0021103408,0.008937158
sst,naca2412,0,1700,2,0.20721906,0.011047465,0.0021103321,0.0089371333
sst,naca2412,0,1750,2,0.20721909,0.011047432,0.0021103228,0.0089371096
sst,naca2412,0,1800,2,0.20721914,0.0110474,0.0021103132,0.0089370869
sst,naca2412,0,1850,2,0.2072192,0.011047368,0.0021103031,0.0089370649
sst,naca2412,0,1900,2,0.20721929,0.011047336,0.0021102925,0.0089370437
sst,naca2412,0,1950,2,0.2072194,0.011047304,0.0021102812,0.0089370232
sst,naca2412,0,2000,2,0.20721955,0.011047273,0.0021102693,0.0089370034
sst,naca2412,0,2050,2,0.20721973,0.011047241,0.0021102566,0.0089369843
sst,naca2412,0,2100,2,0.20721993,0.011047209,0.0021102434,0.0089369659
sst,naca2412,0,2150,2,0.20722014,0.011047178,0.0021102301,0.0089369482
sst,naca2412,0,2200,2,0.20722036,0.011047148,0.0021102167,0.008936931
sst,naca2412,0,2250,2,0.20722057,0.011047118,0.0021102039,0.0089369143
sst,naca2412,0,2300,2,0.20722077,0.01104709,0.0021101919,0.0089368982
sst,naca2412,0,2350,2,0.20722094,0.011047064,0.0021101809,0.0089368828
sst,naca2412,0,2400,2,0.20722108,0.011047039,0.002110171,0.0089368678
sst,naca2412,0,2450,2,0.2072212,0.011047016,0.0021101621,0.0089368534
sst,naca2412,0,2500,2,0.20722129,0.011046994,0.0021101542,0.0089368395
sst,naca2412,0,2550,2,0.20722137,0.011046973,0.002110147,0.008936826
sst,naca2412,0,2600,2,0.20722143,0.011046953,0.0021101404,0.0089368129
sst,naca2412,0,2650,2,0.20722148,0.011046934,0.0021101342,0.0089368003
sst,naca2412,0,2700,2,0.20722153,0.011046916,0.0021101282,0.008936788
sst,naca2412,0,2750,2,0.20722158,0.011046899,0.0021101225,0.0089367761
sst,naca2412,0,2800,2,0.20722162,0.011046882,0.0021101171,0.0089367645
sst,naca2412,0,2850,2,0.20722166,0.011046865,0.0021101119,0.0089367533
sst,naca2412,0,2900,2,0.2072217,0.011046849,0.0021101069,0.0089367425
sst,naca2412,0,2950,2,0.20722173,0.011046834,0.0021101022,0.0089367319
sst,naca2412,0,3000,2,0.20722175,0.01104682,0.0021100979,0.0089367217
sst,naca2412,0,3050,2,0.20722177,0.011046806,0.0021100938,0.0089367118
sst,naca2412,0,3100,2,0.20722178,0.011046792,0.00211009,0.0089367022
sst,naca2412,0,3150,2,0.20722179,0.011046779,0.0021100865,0.0089366928
sst,naca2412,0,3200,2,0.20722179,0.011046767,0.0021100832,0.0089366838
sst,naca2412,0,3250,2,0.20722179,0.011046755,0.0021100801,0.0089366751
sst,naca2412,0,3300,2,0.2072218,0.011046744,0.0021100772,0.0089366666
sst,naca2412,0,3350,2,0.2072218,0.011046733,0.0021100742,0.0089366583
sst,naca2412,0,3400,2,0.2072218,0.011046722,0.0021100714,0.0089366504
sst,smooth_s1,0,400,1,0.36608932,0.015775996,0.0068711869,0.0089048095
sst,smooth_s1,0,450,2,0.3689331,0.011495818,0.0025861936,0.0089096244
sst,smooth_s1,0,500,2,0.36912653,0.01147951,0.0025779382,0.0089015718
sst,smooth_s1,0,550,2,0.36918735,0.011475881,0.0025757134,0.008900168
sst,smooth_s1,0,600,2,0.36919951,0.011475142,0.0025749987,0.0089001436
sst,smooth_s1,0,650,2,0.36920668,0.011474708,0.0025745944,0.0089001141
sst,smooth_s1,0,700,2,0.36921197,0.011474383,0.0025742938,0.008900089
sst,smooth_s1,0,750,2,0.3692165,0.011474083,0.0025740302,0.0089000525
sst,smooth_s1,0,800,2,0.36922047,0.011473801,0.0025737955,0.008900006
sst,smooth_s1,0,850,2,0.3692239,0.011473542,0.0025735917,0.00889995
sst,smooth_s1,0,900,2,0.36922693,0.01147329,0.0025734086,0.0088998817
sst,smooth_s1,0,950,2,0.36922979,0.011473012,0.0025732313,0.0088997803
sst,smooth_s1,0,1000,2,0.36923275,0.011472679,0.0025730446,0.0088996345
sst,smooth_s1,0,1050,2,0.36923595,0.011472311,0.0025728453,0.0088994659
sst,smooth_s1,0,1100,2,0.36923909,0.011471964,0.0025726551,0.0088993087
sst,smooth_s1,0,1150,2,0.36924141,0.011471704,0.0025725178,0.0088991861
sst,smooth_s1,0,1200,2,0.36924213,0.011471579,0.0025724775,0.0088991018
sst,smooth_s1,0,1250,2,0.36924097,0.011471594,0.0025725496,0.0088990445
sst,smooth_s1,0,1300,2,0.36923838,0.011471707,0.0025727072,0.0088989996
sst,smooth_s1,0,1350,2,0.3692352,0.011471856,0.0025728983,0.008898958
sst,smooth_s1,0,1400,2,0.36923226,0.011471991,0.0025730743,0.0088989163
sst,smooth_s1,0,1450,2,0.36923002,0.011472083,0.0025732077,0.0088988753
sst,smooth_s1,0,1500,2,0.36922858,0.011472129,0.0025732932,0.0088988361
sst,smooth_s1,0,1550,2,0.3692278,0.011472139,0.0025733395,0.0088987993
sst,smooth_s1,0,1600,2,0.36922743,0.011472125,0.0025733604,0.0088987646
sst,smooth_s1,0,1650,2,0.36922729,0.0114721,0.002573368,0.0088987318
sst,smooth_s1,0,1700,2,0.36922723,0.01147207,0.0025733698,0.0088987005
sst,smooth_s1,0,1750,2,0.36922722,0.011472039,0.002573369,0.0088986705
sst,smooth_s1,0,1800,2,0.36922723,0.011472008,0.0025733662,0.0088986417
sst,smooth_s1,0,1850,2,0.36922728,0.011471975,0.0025733612,0.0088986139
sst,smooth_s1,0,1900,2,0.36922737,0.01147194,0.0025733535,0.008898587
sst,smooth_s1,0,1950,2,0.3692275,0.011471904,0.0025733426,0.0088985609
sst,smooth_s1,0,2000,2,0.3692277,0.011471864,0.0025733286,0.0088985357
sst,smooth_s1,0,2050,2,0.36922794,0.011471823,0.0025733116,0.0088985114
sst,smooth_s1,0,2100,2,0.36922823,0.01147178,0.002573292,0.0088984879
sst,smooth_s1,0,2150,2,0.36922855,0.011471736,0.0025732708,0.0088984654
sst,smooth_s1,0,2200,2,0.36922889,0.011471693,0.0025732492,0.0088984436
sst,smooth_s1,0,2250,2,0.36922922,0.011471651,0.0025732282,0.0088984228
sst,smooth_s1,0,2300,2,0.36922953,0.011471611,0.0025732089,0.0088984026
sst,smooth_s1,0,2350,2,0.3692298,0.011471575,0.0025731919,0.0088983832
sst,smooth_s1,0,2400,2,0.36923003,0.011471542,0.0025731777,0.0088983643
sst,smooth_s1,0,2450,2,0.36923021,0.011471512,0.0025731662,0.0088983459
sst,smooth_s1,0,2500,2,0.36923036,0.011471485,0.0025731571,0.008898328
sst,smooth_s1,0,2550,2,0.36923048,0.01147146,0.0025731498,0.0088983107
sst,smooth_s1,0,2600,2,0.36923057,0.011471438,0.0025731438,0.0088982939
sst,smooth_s1,0,2650,2,0.36923066,0.011471416,0.0025731385,0.0088982776
sst,smooth_s1,0,2700,2,0.36923074,0.011471395,0.0025731335,0.0088982619
sst,smooth_s1,0,2750,2,0.36923081,0.011471375,0.0025731287,0.0088982466
sst,smooth_s1,0,2800,2,0.36923089,0.011471356,0.0025731239,0.0088982318
sst,smooth_s1,0,2850,2,0.36923095,0.011471337,0.0025731194,0.0088982174
sst,smooth_s1,0,2900,2,0.36923102,0.011471319,0.0025731153,0.0088982034
sst,smooth_s1,0,2950,2,0.36923107,0.011471302,0.0025731117,0.0088981899
sst,smooth_s1,0,3000,2,0.36923111,0.011471285,0.0025731087,0.0088981767
sst,smooth_s1,0,3050,2,0.36923115,0.01147127,0.0025731064,0.008898164
sst,smooth_s1,0,3100,2,0.36923117,0.011471256,0.0025731047,0.0088981516
sst,smooth_s1,0,3150,2,0.36923119,0.011471243,0.0025731035,0.0088981396
sst,smooth_s1,0,3200,2,0.36923119,0.011471231,0.0025731028,0.008898128
sst,smooth_s1,0,3250,2,0.3692312,0.011471219,0.0025731025,0.0088981167
sst,smooth_s1,0,3300,2,0.3692312,0.011471208,0.0025731023,0.0088981058
sst,smooth_s1,0,3350,2,0.3692312,0.011471197,0.002573102,0.0088980952
sst,smooth_s1,0,3400,2,0.3692312,0.011471187,0.0025731017,0.0088980849
sst,wavy_s1,0,400,1,0.31166587,0.015609547,0.0067909558,0.0088185917
sst,wavy_s1,0,450,2,0.31656417,0.011289004,0.002466397,0.0088226068
sst,wavy_s1,0,500,2,0.31672552,0.011271488,0.0024575879,0.0088139
sst,wavy_s1,0,550,2,0.31678019,0.01126756,0.0024553693,0.0088121902
sst,wavy_s1,0,600,2,0.31679571,0.011266786,0.0024546237,0.0088121627
sst,wavy_s1,0,650,2,0.3168047,0.011266326,0.0024541873,0.0088121384
sst,wavy_s1,0,700,2,0.31681117,0.011265986,0.0024538673,0.0088121189
sst,wavy_s1,0,750,2,0.31681643,0.011265688,0.0024536006,0.0088120878
sst,wavy_s1,0,800,2,0.31682089,0.011265418,0.0024533707,0.0088120472
sst,wavy_s1,0,850,2,0.31682462,0.011265172,0.0024531737,0.008811998
sst,wavy_s1,0,900,2,0.31682784,0.011264937,0.002452999,0.0088119378
sst,wavy_s1,0,950,2,0.31683077,0.01126468,0.0024528307,0.008811849
sst,wavy_s1,0,1000,2,0.31683364,0.011264375,0.0024526545,0.0088117202
sst,wavy_s1,0,1050,2,0.3168366,0.011264039,0.0024524695,0.0088115692
sst,wavy_s1,0,1100,2,0.31683946,0.011263721,0.0024522946,0.0088114263
sst,wavy_s1,0,1150,2,0.31684164,0.011263477,0.0024521632,0.0088113135
sst,wavy_s1,0,1200,2,0.31684248,0.011263343,0.0024521069,0.0088112357
sst,wavy_s1,0,1250,2,0.31684175,0.011263319,0.0024521352,0.0088111833
sst,wavy_s1,0,1300,2,0.3168398,0.01126337,0.0024522273,0.0088111429
sst,wavy_s1,0,1350,2,0.31683734,0.01126345,0.0024523447,0.0088111058
sst,wavy_s1,0,1400,2,0.31683503,0.011263522,0.002452453,0.0088110688
sst,wavy_s1,0,1450,2,0.31683327,0.011263566,0.0024525339,0.0088110321
sst,wavy_s1,0,1500,2,0.31683212,0.011263581,0.0024525842,0.0088109969
sst,wavy_s1,0,1550,2,0.31683146,0.011263574,0.0024526104,0.0088109635
sst,wavy_s1,0,1600,2,0.31683109,0.011263554,0.0024526219,0.0088109321
sst,wavy_s1,0,1650,2,0.31683086,0.011263529,0.0024526267,0.0088109023
sst,wavy_s1,0,1700,2,0.31683068,0.011263503,0.0024526295,0.008810874
sst,wavy_s1,0,1750,2,0.31683051,0.011263478,0.0024526316,0.0088108468
sst,wavy_s1,0,1800,2,0.31683036,0.011263453,0.0024526327,0.0088108206
sst,wavy_s1,0,1850,2,0.31683024,0.011263428,0.0024526322,0.0088107954
sst,wavy_s1,0,1900,2,0.31683017,0.0112634,0.0024526292,0.008810771
sst,wavy_s1,0,1950,2,0.31683016,0.011263371,0.0024526232,0.0088107473
sst,wavy_s1,0,2000,2,0.31683021,0.011263339,0.0024526143,0.0088107245
sst,wavy_s1,0,2050,2,0.31683033,0.011263305,0.0024526024,0.0088107024
sst,wavy_s1,0,2100,2,0.3168305,0.011263269,0.0024525881,0.0088106812
sst,wavy_s1,0,2150,2,0.31683071,0.011263233,0.0024525721,0.0088106608
sst,wavy_s1,0,2200,2,0.31683094,0.011263197,0.0024525555,0.0088106411
sst,wavy_s1,0,2250,2,0.31683117,0.011263161,0.0024525391,0.0088106222
sst,wavy_s1,0,2300,2,0.31683138,0.011263128,0.002452524,0.008810604
sst,wavy_s1,0,2350,2,0.31683156,0.011263097,0.0024525106,0.0088105864
sst,wavy_s1,0,2400,2,0.31683171,0.011263069,0.0024524992,0.0088105694
sst,wavy_s1,0,2450,2,0.31683182,0.011263043,0.0024524898,0.008810553
sst,wavy_s1,0,2500,2,0.31683191,0.011263019,0.002452482,0.0088105371
sst,wavy_s1,0,2550,2,0.31683197,0.011262997,0.0024524753,0.0088105218
sst,wavy_s1,0,2600,2,0.31683203,0.011262976,0.0024524692,0.0088105069
sst,wavy_s1,0,2650,2,0.31683208,0.011262956,0.0024524634,0.0088104925
sst,wavy_s1,0,2700,2,0.31683213,0.011262936,0.0024524576,0.0088104785
sst,wavy_s1,0,2750,2,0.31683218,0.011262917,0.0024524517,0.008810465
sst,wavy_s1,0,2800,2,0.31683224,0.011262898,0.0024524457,0.0088104518
sst,wavy_s1,0,2850,2,0.3168323,0.011262879,0.0024524399,0.0088104391
sst,wavy_s1,0,2900,2,0.31683235,0.011262861,0.0024524345,0.0088104268
sst,wavy_s1,0,2950,2,0.3168324,0.011262844,0.0024524295,0.0088104148
sst,wavy_s1,0,3000,2,0.31683243,0.011262828,0.0024524253,0.0088104032
sst,wavy_s1,0,3050,2,0.31683245,0.011262814,0.0024524217,0.008810392
sst,wavy_s1,0,3100,2,0.31683246,0.0112628,0.0024524188,0.0088103811
sst,wavy_s1,0,3150,2,0.31683245,0.011262787,0.0024524165,0.0088103705
sst,wavy_s1,0,3200,2,0.31683244,0.011262775,0.0024524148,0.0088103602
sst,wavy_s1,0,3250,2,0.31683243,0.011262764,0.0024524134,0.0088103502
sst,wavy_s1,0,3300,2,0.31683241,0.011262753,0.0024524123,0.0088103406
sst,wavy_s1,0,3350,2,0.31683239,0.011262743,0.0024524113,0.0088103312
sst,wavy_s1,0,3400,2,0.31683237,0.011262732,0.0024524103,0.0088103221
sst,parsec_t12,0,400,1,0.45475918,0.018529659,0.0096668437,0.0088628152
sst,parsec_t12,0,450,2,0.44614213,0.012672392,0.0037704996,0.0089018924
sst,parsec_t12,0,500,2,0.4462972,0.012663824,0.003769603,0.0088942209
sst,parsec_t12,0,550,2,0.44633258,0.012661298,0.0037694619,0.0088918362
sst,parsec_t12,0,600,2,0.44632226,0.012661904,0.0037701576,0.0088917467
sst,parsec_t12,0,650,2,0.44631769,0.012662295,0.0037705755,0.0088917195
sst,parsec_t12,0,700,2,0.44631507,0.012662534,0.0037708305,0.0088917031
sst,parsec_t12,0,750,2,0.44631417,0.012662619,0.0037709397,0.008891679
sst,parsec_t12,0,800,2,0.4463142,0.012662618,0.0037709715,0.0088916463
sst,parsec_t12,0,850,2,0.44631466,0.012662575,0.0037709679,0.0088916071
sst,parsec_t12,0,900,2,0.44631544,0.012662497,0.0037709381,0.0088915588
sst,parsec_t12,0,950,2,0.44631667,0.012662367,0.003770877,0.0088914895
sst,parsec_t12,0,1000,2,0.44631864,0.012662161,0.0037707727,0.0088913884
sst,parsec_t12,0,1050,2,0.44632137,0.012661893,0.0037706254,0.0088912676
sst,parsec_t12,0,1100,2,0.44632421,0.012661624,0.0037704728,0.0088911509
sst,parsec_t12,0,1150,2,0.446326,0.012661448,0.0037703913,0.0088910566
sst,parsec_t12,0,1200,2,0.44632567,0.012661445,0.0037704549,0.0088909899
sst,parsec_t12,0,1250,2,0.44632291,0.012661632,0.0037706881,0.0088909443
sst,parsec_t12,0,1300,2,0.44631837,0.012661958,0.0037710488,0.0088909092
sst,parsec_t12,0,1350,2,0.44631319,0.012662332,0.0037714547,0.0088908773
sst,parsec_t12,0,1400,2,0.44630848,0.012662671,0.0037718248,0.008890846
sst,parsec_t12,0,1450,2,0.44630489,0.012662925,0.0037721092,0.0088908154
sst,parsec_t12,0,1500,2,0.44630261,0.01266308,0.003772294,0.0088907861
sst,parsec_t12,0,1550,2,0.44630145,0.01266315,0.0037723915,0.0088907584
sst,parsec_t12,0,1600,2,0.44630112,0.012663157,0.0037724245,0.0088907322
sst,parsec_t12,0,1650,2,0.44630132,0.012663123,0.003772416,0.0088907073
sst,parsec_t12,0,1700,2,0.44630182,0.012663067,0.0037723834,0.0088906835
sst,parsec_t12,0,1750,2,0.44630247,0.012662999,0.0037723385,0.0088906607
sst,parsec_t12,0,1800,2,0.44630319,0.012662927,0.0037722883,0.0088906388
sst,parsec_t12,0,1850,2,0.44630392,0.012662854,0.0037722363,0.0088906177
sst,parsec_t12,0,1900,2,0.44630465,0.012662782,0.0037721843,0.0088905973
sst,parsec_t12,0,1950,2,0.44630538,0.012662711,0.0037721329,0.0088905778
sst,parsec_t12,0,2000,2,0.4463061,0.012662641,0.0037720821,0.008890559
sst,parsec_t12,0,2050,2,0.44630682,0.012662573,0.0037720321,0.008890541
sst,parsec_t12,0,2100,2,0.44630753,0.012662507,0.0037719832,0.0088905237
sst,parsec_t12,0,2150,2,0.44630822,0.012662443,0.0037719361,0.0088905072
sst,parsec_t12,0,2200,2,0.44630889,0.012662383,0.0037718913,0.0088904914
sst,parsec_t12,0,2250,2,0.44630953,0.012662326,0.0037718496,0.0088904763
sst,parsec_t12,0,2300,2,0.44631012,0.012662273,0.0037718116,0.0088904618
sst,parsec_t12,0,2350,2,0.44631067,0.012662226,0.0037717781,0.0088904479
sst,parsec_t12,0,2400,2,0.44631115,0.012662184,0.0037717492,0.0088904345
sst,parsec_t12,0,2450,2,0.44631157,0.012662147,0.0037717254,0.0088904217
sst,parsec_t12,0,2500,2,0.44631192,0.012662116,0.0037717065,0.0088904094
sst,parsec_t12,0,2550,2,0.44631222,0.01266209,0.0037716924,0.0088903974
sst,parsec_t12,0,2600,2,0.44631245,0.012662068,0.0037716825,0.0088903859
sst,parsec_t12,0,2650,2,0.44631263,0.012662051,0.0037716762,0.0088903747
sst,parsec_t12,0,2700,2,0.44631277,0.012662037,0.0037716729,0.0088903638
sst,parsec_t12,0,2750,2,0.44631287,0.012662025,0.0037716717,0.0088903531
sst,parsec_t12,0,2800,2,0.44631294,0.012662015,0.0037716721,0.0088903428
sst,parsec_t12,0,2850,2,0.446313,0.012662006,0.0037716733,0.0088903326
sst,parsec_t12,0,2900,2,0.44631305,0.012661998,0.0037716749,0.0088903227
sst,parsec_t12,0,2950,2,0.44631309,0.01266199,0.0037716767,0.0088903131
sst,parsec_t12,0,3000,2,0.44631314,0.012661982,0.0037716782,0.0088903038
sst,parsec_t12,0,3050,2,0.44631318,0.012661974,0.0037716794,0.0088902948
sst,parsec_t12,0,3100,2,0.44631324,0.012661966,0.0037716803,0.008890286
sst,parsec_t12,0,3150,2,0.44631329,0.012661959,0.0037716809,0.0088902776
sst,parsec_t12,0,3200,2,0.44631335,0.012661951,0.0037716811,0.0088902694
sst,parsec_t12,0,3250,2,0.44631342,0.012661943,0.003771681,0.0088902616
sst,parsec_t12,0,3300,2,0.44631349,0.012661934,0.0037716803,0.008890254
sst,parsec_t12,0,3350,2,0.44631356,0.012661926,0.003771679,0.0088902466
sst,parsec_t12,0,3400,2,0.44631365,0.012661916,0.0037716768,0.0088902395
sst,naca2412,8,400,1,0.97177174,0.030376315,0.022605745,0.0077705702
sst,naca2412,8,450,2,1.0278403,0.016042402,0.0076765412,0.008365861
sst,naca2412,8,500,2,1.02985,0.015797068,0.0074356415,0.0083614266
sst,naca2412,8,550,2,1.0301162,0.015747273,0.0073853358,0.0083619369
sst,naca2412,8,600,2,1.0302519,0.015724305,0.0073629236,0.008361381
sst,naca2412,8,650,2,1.0303308,0.015711542,0.0073501007,0.0083614414
sst,naca2412,8,700,2,1.030384,0.015702583,0.0073412388,0.0083613438
sst,naca2412,8,750,2,1.0304241,0.015695951,0.0073346648,0.008361286
sst,naca2412,8,800,2,1.0304554,0.015690746,0.0073295236,0.0083612219
sst,naca2412,8,850,2,1.0304812,0.01568657,0.0073254152,0.0083611545
sst,naca2412,8,900,2,1.0305032,0.015682985,0.0073218971,0.0083610877
sst,naca2412,8,950,2,1.0305225,0.015679836,0.0073188354,0.0083610007
sst,naca2412,8,1000,2,1.0305408,0.015676876,0.0073159955,0.0083608802
sst,naca2412,8,1050,2,1.030559,0.01567401,0.0073132668,0.0083607436
sst,naca2412,8,1100,2,1.0305761,0.01567133,0.0073107163,0.0083606137
sst,naca2412,8,1150,2,1.0305901,0.015669085,0.0073085725,0.0083605126
sst,naca2412,8,1200,2,1.0305996,0.015667553,0.0073071095,0.0083604436
sst,naca2412,8,1250,2,1.0306042,0.0156668,0.0073063966,0.0083604038
sst,naca2412,8,1300,2,1.0306052,0.015666661,0.007306286,0.0083603749
sst,naca2412,8,1350,2,1.0306047,0.015666818,0.0073064674,0.0083603507
sst,naca2412,8,1400,2,1.0306043,0.015666993,0.0073066669,0.0083603263
sst,naca2412,8,1450,2,1.0306046,0.015667046,0.0073067457,0.0083603007
sst,naca2412,8,1500,2,1.0306056,0.015666986,0.0073067094,0.0083602762
sst,naca2412,8,1550,2,1.0306066,0.0156669,0.0073066467,0.008360253
sst,naca2412,8,1600,2,1.0306071,0.015666884,0.0073066518,0.0083602319
sst,naca2412,8,1650,2,1.0306068,0.015666983,0.0073067701,0.0083602128
sst,naca2412,8,1700,2,1.0306058,0.015667188,0.0073069931,0.0083601946
sst,naca2412,8,1750,2,1.0306043,0.015667458,0.0073072816,0.0083601763
sst,naca2412,8,1800,2,1.0306026,0.015667749,0.0073075914,0.008360158
sst,naca2412,8,1850,2,1.030601,0.015668031,0.0073078907,0.0083601398
sst,naca2412,8,1900,2,1.0305995,0.015668282,0.0073081599,0.0083601218
sst,naca2412,8,1950,2,1.0305983,0.015668492,0.0073083874,0.0083601042
sst,naca2412,8,2000,2,1.0305974,0.015668654,0.0073085674,0.0083600869
sst,naca2412,8,2050,2,1.0305968,0.015668769,0.0073086987,0.0083600701
sst,naca2412,8,2100,2,1.0305966,0.015668837,0.007308783,0.0083600538
sst,naca2412,8,2150,2,1.0305966,0.015668864,0.0073088255,0.008360038
sst,naca2412,8,2200,2,1.0305969,0.01566886,0.0073088366,0.008360023
sst,naca2412,8,2250,2,1.0305972,0.015668837,0.0073088283,0.0083600088
sst,naca2412,8,2300,2,1.0305977,0.015668808,0.0073088123,0.0083599954
sst,naca2412,8,2350,2,1.0305982,0.015668781,0.0073087982,0.0083599828
sst,naca2412,8,2400,2,1.0305986,0.015668762,0.0073087911,0.0083599709
sst,naca2412,8,2450,2,1.030599,0.01566875,0.0073087909,0.0083599596
sst,naca2412,8,2500,2,1.0305994,0.015668741,0.0073087928,0.0083599487
sst,naca2412,8,2550,2,1.0305998,0.015668727,0.0073087891,0.008359938
sst,naca2412,8,2600,2,1.0306003,0.015668699,0.007308772,0.0083599275
sst,naca2412,8,2650,2,1.0306008,0.015668652,0.0073087354,0.008359917
sst,naca2412,8,2700,2,1.0306015,0.015668583,0.0073086768,0.0083599065
sst,naca2412,8,2750,2,1.0306023,0.015668494,0.0073085977,0.0083598961
sst,naca2412,8,2800,2,1.0306031,0.015668388,0.0073085026,0.0083598859
sst,naca2412,8,2850,2,1.030604,0.015668274,0.0073083982,0.0083598757
sst,naca2412,8,2900,2,1.0306048,0.015668158,0.0073082923,0.0083598658
sst,naca2412,8,2950,2,1.0306056,0.015668048,0.007308192,0.0083598561
sst,naca2412,8,3000,2,1.0306063,0.01566795,0.0073081031,0.0083598466
sst,naca2412,8,3050,2,1.0306069,0.015667867,0.0073080292,0.0083598375
sst,naca2412,8,3100,2,1.0306074,0.0156678,0.0073079718,0.0083598286
sst,naca2412,8,3150,2,1.0306078,0.015667751,0.0073079304,0.0083598202
sst,naca2412,8,3200,2,1.0306081,0.015667715,0.0073079031,0.0083598122
sst,naca2412,8,3250,2,1.0306083,0.015667692,0.0073078872,0.0083598046
sst,naca2412,8,3300,2,1.0306085,0.015667677,0.0073078797,0.0083597974
sst,naca2412,8,3350,2,1.0306087,0.015667668,0.0073078779,0.0083597905
sst,naca2412,8,3400,2,1.0306089,0.015667664,0.0073078797,0.008359784
sst,smooth_s1,8,400,1,1.1037463,0.032138865,0.024228736,0.0079101289
sst,smooth_s1,8,450,2,1.1482073,0.017914838,0.0094495128,0.0084653257
sst,smooth_s1,8,500,2,1.1500124,0.017684118,0.0092181461,0.0084659715
sst,smooth_s1,8,550,2,1.1501697,0.017639795,0.0091737023,0.0084660929
sst,smooth_s1,8,600,2,1.1502764,0.017618447,0.0091526542,0.0084657929
sst,smooth_s1,8,650,2,1.1503389,0.017606594,0.0091408218,0.008465772
sst,smooth_s1,8,700,2,1.1503808,0.017598273,0.009132587,0.0084656862
sst,smooth_s1,8,750,2,1.1504131,0.017592011,0.0091263968,0.0084656137
sst,smooth_s1,8,800,2,1.1504388,0.017587012,0.0091214658,0.0084655459
sst,smooth_s1,8,850,2,1.1504604,0.017582965,0.0091175023,0.0084654624
sst,smooth_s1,8,900,2,1.1504793,0.017579479,0.009114105,0.0084653739
sst,smooth_s1,8,950,2,1.1504967,0.017576351,0.0091110909,0.0084652605
sst,smooth_s1,8,1000,2,1.1505142,0.017573349,0.0091082444,0.0084651051
sst,smooth_s1,8,1050,2,1.1505323,0.017570378,0.0091054493,0.0084649286
sst,smooth_s1,8,1100,2,1.1505493,0.017567582,0.009102819,0.0084647634
sst,smooth_s1,8,1150,2,1.1505629,0.017565302,0.0091006657,0.0084646365
sst,smooth_s1,8,1200,2,1.1505714,0.017563912,0.0090993581,0.0084645538
sst,smooth_s1,8,1250,2,1.1505746,0.017563499,0.0090989916,0.0084645071
sst,smooth_s1,8,1300,2,1.150574,0.017563845,0.0090993697,0.0084644757
sst,smooth_s1,8,1350,2,1.1505719,0.017564533,0.0091000835,0.0084644495
sst,smooth_s1,8,1400,2,1.1505701,0.017565187,0.0091007643,0.0084644222
sst,smooth_s1,8,1450,2,1.1505694,0.017565609,0.0091012159,0.0084643926
sst,smooth_s1,8,1500,2,1.1505697,0.017565789,0.0091014271,0.0084643623
sst,smooth_s1,8,1550,2,1.1505705,0.017565832,0.0091014996,0.0084643326
sst,smooth_s1,8,1600,2,1.1505713,0.017565859,0.0091015544,0.0084643049
sst,smooth_s1,8,1650,2,1.1505717,0.017565943,0.009101664,0.0084642791
sst,smooth_s1,8,1700,2,1.1505716,0.017566097,0.0091018429,0.0084642545
sst,smooth_s1,8,1750,2,1.1505712,0.017566299,0.0091020687,0.0084642305
sst,smooth_s1,8,1800,2,1.1505707,0.017566515,0.0091023086,0.0084642069
sst,smooth_s1,8,1850,2,1.1505701,0.017566721,0.0091025373,0.0084641837
sst,smooth_s1,8,1900,2,1.1505697,0.017566899,0.0091027385,0.008464161
sst,smooth_s1,8,1950,2,1.1505694,0.017567041,0.0091029017,0.0084641388
sst,smooth_s1,8,2000,2,1.1505694,0.017567138,0.0091030211,0.0084641172
sst,smooth_s1,8,2050,2,1.1505696,0.017567192,0.0091030955,0.0084640961
sst,smooth_s1,8,2100,2,1.15057,0.017567203,0.0091031272,0.0084640756
sst,smooth_s1,8,2150,2,1.1505706,0.017567177,0.0091031217,0.0084640557
sst,smooth_s1,8,2200,2,1.1505713,0.017567126,0.009103089,0.0084640366
sst,smooth_s1,8,2250,2,1.1505722,0.017567059,0.0091030405,0.0084640184
sst,smooth_s1,8,2300,2,1.1505731,0.017566989,0.0091029876,0.0084640011
sst,smooth_s1,8,2350,2,1.1505739,0.017566925,0.0091029399,0.0084639846
sst,smooth_s1,8,2400,2,1.1505747,0.017566872,0.009102903,0.0084639689
sst,smooth_s1,8,2450,2,1.1505755,0.017566831,0.0091028774,0.0084639539
sst,smooth_s1,8,2500,2,1.1505761,0.017566798,0.0091028587,0.0084639394
sst,smooth_s1,8,2550,2,1.1505768,0.017566765,0.0091028399,0.0084639253
sst,smooth_s1,8,2600,2,1.1505775,0.017566725,0.009102813,0.0084639115
sst,smooth_s1,8,2650,2,1.1505782,0.01756667,0.009102772,0.0084638978
sst,smooth_s1,8,2700,2,1.150579,0.017566598,0.0091027138,0.0084638843
sst,smooth_s1,8,2750,2,1.1505798,0.01756651,0.0091026391,0.0084638709
sst,smooth_s1,8,2800,2,1.1505807,0.017566409,0.0091025516,0.0084638578
sst,smooth_s1,8,2850,2,1.1505815,0.017566302,0.0091024568,0.0084638449
sst,smooth_s1,8,2900,2,1.1505823,0.017566194,0.0091023614,0.0084638323
sst,smooth_s1,8,2950,2,1.1505831,0.017566092,0.0091022715,0.00846382
sst,smooth_s1,8,3000,2,1.1505838,0.017566,0.0091021921,0.0084638081
sst,smooth_s1,8,3050,2,1.1505844,0.017565923,0.0091021265,0.0084637967
sst,smooth_s1,8,3100,2,1.1505849,0.017565861,0.0091020757,0.0084637856
sst,smooth_s1,8,3150,2,1.1505854,0.017565815,0.0091020395,0.0084637751
sst,smooth_s1,8,3200,2,1.1505858,0.017565781,0.009102016,0.008463765
sst,smooth_s1,8,3250,2,1.1505861,0.017565758,0.0091020027,0.0084637554
sst,smooth_s1,8,3300,2,1.1505865,0.017565743,0.009101997,0.0084637462
sst,smooth_s1,8,3350,2,1.1505868,0.017565734,0.0091019963,0.0084637374
sst,smooth_s1,8,3400,2,1.1505871,0.017565727,0.0091019982,0.008463729
sst,wavy_s1,8,400,1,1.0722491,0.03152569,0.023655657,0.0078700333
sst,wavy_s1,8,450,2,1.1194714,0.017551074,0.0091689957,0.0083820786
sst,wavy_s1,8,500,2,1.121264,0.017315717,0.0089339386,0.0083817787
sst,wavy_s1,8,550,2,1.1214774,0.017267498,0.0088858553,0.008381643
sst,wavy_s1,8,600,2,1.1215942,0.017246113,0.008864725,0.0083813881
sst,wavy_s1,8,650,2,1.1216595,0.017234111,0.0088527383,0.0083813728
sst,wavy_s1,8,700,2,1.121704,0.017225706,0.0088444169,0.0083812892
sst,wavy_s1,8,750,2,1.1217377,0.017219417,0.0088381941,0.0083812228
sst,wavy_s1,8,800,2,1.1217643,0.017214457,0.0088332948,0.0083811624
sst,wavy_s1,8,850,2,1.1217865,0.01721037,0.0088292909,0.0083810792
sst,wavy_s1,8,900,2,1.1218056,0.017206907,0.0088259035,0.0083810036
sst,wavy_s1,8,950,2,1.1218227,0.017203814,0.008822911,0.0083809032
sst,wavy_s1,8,1000,2,1.1218395,0.017200864,0.0088200977,0.0083807661
sst,wavy_s1,8,1050,2,1.1218566,0.017197968,0.008817357,0.0083806108
sst,wavy_s1,8,1100,2,1.1218727,0.017195249,0.0088147843,0.0083804648
sst,wavy_s1,8,1150,2,1.1218857,0.017193016,0.008812664,0.0083803523
sst,wavy_s1,8,1200,2,1.1218939,0.017191618,0.0088113395,0.0083802782
sst,wavy_s1,8,1250,2,1.1218969,0.017191135,0.0088108986,0.0083802365
sst,wavy_s1,8,1300,2,1.1218963,0.017191369,0.0088111609,0.008380208
sst,wavy_s1,8,1350,2,1.1218942,0.017191931,0.008811746,0.0083801847
sst,wavy_s1,8,1400,2,1.1218924,0.017192472,0.0088123119,0.0083801606
sst,wavy_s1,8,1450,2,1.1218916,0.017192813,0.0088126778,0.0083801348
sst,wavy_s1,8,1500,2,1.1218917,0.017192945,0.0088128362,0.0083801086
sst,wavy_s1,8,1550,2,1.1218923,0.017192967,0.0088128844,0.0083800831
sst,wavy_s1,8,1600,2,1.1218928,0.017192995,0.0088129351,0.0083800595
sst,wavy_s1,8,1650,2,1.1218928,0.017193091,0.0088130538,0.0083800377
sst,wavy_s1,8,1700,2,1.1218923,0.017193266,0.008813249,0.0083800169
sst,wavy_s1,8,1750,2,1.1218914,0.017193491,0.0088134947,0.0083799964
sst,wavy_s1,8,1800,2,1.1218904,0.017193732,0.0088137555,0.0083799761
sst,wavy_s1,8,1850,2,1.1218894,0.017193959,0.0088140037,0.0083799556
sst,wavy_s1,8,1900,2,1.1218886,0.017194158,0.0088142229,0.0083799354
sst,wavy_s1,8,1950,2,1.121888,0.017194319,0.0088144032,0.0083799157
sst,wavy_s1,8,2000,2,1.1218876,0.017194435,0.0088145387,0.0083798964
sst,wavy_s1,8,2050,2,1.1218875,0.017194506,0.0088146281,0.0083798775
sst,wavy_s1,8,2100,2,1.1218876,0.017194533,0.0088146737,0.0083798591
sst,wavy_s1,8,2150,2,1.121888,0.017194522,0.008814681,0.0083798413
sst,wavy_s1,8,2200,2,1.1218885,0.017194485,0.0088146603,0.0083798242
sst,wavy_s1,8,2250,2,1.1218892,0.017194431,0.0088146231,0.008379808
sst,wavy_s1,8,2300,2,1.1218899,0.017194373,0.0088145808,0.0083797925
sst,wavy_s1,8,2350,2,1.1218905,0.017194321,0.0088145428,0.0083797779
sst,wavy_s1,8,2400,2,1.1218912,0.017194279,0.0088145145,0.008379764
sst,wavy_s1,8,2450,2,1.1218917,0.017194247,0.0088144964,0.0083797508
sst,wavy_s1,8,2500,2,1.1218923,0.017194222,0.0088144839,0.008379738
sst,wavy_s1,8,2550,2,1.1218928,0.017194195,0.0088144697,0.0083797255
sst,wavy_s1,8,2600,2,1.1218934,0.017194159,0.0088144462,0.0083797132
sst,wavy_s1,8,2650,2,1.121894,0.017194108,0.0088144071,0.0083797011
sst,wavy_s1,8,2700,2,1.1218947,0.017194039,0.0088143499,0.008379689
sst,wavy_s1,8,2750,2,1.1218954,0.017193952,0.0088142752,0.0083796771
sst,wavy_s1,8,2800,2,1.1218962,0.017193852,0.0088141869,0.0083796653
sst,wavy_s1,8,2850,2,1.121897,0.017193745,0.0088140911,0.0083796538
sst,wavy_s1,8,2900,2,1.1218977,0.017193637,0.0088139944,0.0083796425
sst,wavy_s1,8,2950,2,1.1218984,0.017193535,0.0088139033,0.0083796315
sst,wavy_s1,8,3000,2,1.1218991,0.017193444,0.0088138229,0.0083796208
sst,wavy_s1,8,3050,2,1.1218996,0.017193367,0.0088137565,0.0083796105
sst,wavy_s1,8,3100,2,1.1219001,0.017193306,0.0088137053,0.0083796005
sst,wavy_s1,8,3150,2,1.1219004,0.01719326,0.008813669,0.0083795911
sst,wavy_s1,8,3200,2,1.1219008,0.017193228,0.0088136456,0.008379582
sst,wavy_s1,8,3250,2,1.1219011,0.017193206,0.0088136327,0.0083795734
sst,wavy_s1,8,3300,2,1.1219013,0.017193193,0.0088136274,0.0083795652
sst,wavy_s1,8,3350,2,1.1219015,0.017193185,0.0088136272,0.0083795574
sst,wavy_s1,8,3400,2,1.1219018,0.01719318,0.0088136299,0.0083795499
sst,parsec_t12,8,400,1,1.1327674,0.036223415,0.028009849,0.0082135665
sst,parsec_t12,8,450,2,1.1470322,0.021613413,0.012986333,0.0086270801
sst,parsec_t12,8,500,2,1.148265,0.02152172,0.012895567,0.0086261532
sst,parsec_t12,8,550,2,1.1483083,0.021506269,0.012880448,0.0086258207
sst,parsec_t12,8,600,2,1.1483695,0.021494963,0.012869328,0.0086256344
sst,parsec_t12,8,650,2,1.1484036,0.02148955,0.012863852,0.0086256981
sst,parsec_t12,8,700,2,1.1484246,0.021485633,0.012859971,0.0086256617
sst,parsec_t12,8,750,2,1.1484419,0.021482509,0.012856883,0.0086256262
sst,parsec_t12,8,800,2,1.1484561,0.021479938,0.012854356,0.0086255818
sst,parsec_t12,8,850,2,1.1484686,0.021477725,0.012852196,0.008625529
sst,parsec_t12,8,900,2,1.1484798,0.02147575,0.012850285,0.0086254651
sst,parsec_t12,8,950,2,1.1484909,0.021473904,0.012848532,0.0086253722
sst,parsec_t12,8,1000,2,1.1485032,0.02147202,0.012846781,0.0086252388
sst,parsec_t12,8,1050,2,1.1485165,0.021470033,0.012844948,0.0086250845
sst,parsec_t12,8,1100,2,1.1485293,0.021468132,0.012843191,0.0086249415
sst,parsec_t12,8,1150,2,1.1485387,0.021466698,0.012841871,0.008624827
sst,parsec_t12,8,1200,2,1.1485436,0.02146613,0.012841372,0.008624758
sst,parsec_t12,8,1250,2,1.1485435,0.021466557,0.012841837,0.0086247193
sst,parsec_t12,8,1300,2,1.1485398,0.021467741,0.012843046,0.0086246951
sst,parsec_t12,8,1350,2,1.1485348,0.021469229,0.012844555,0.0086246738
sst,parsec_t12,8,1400,2,1.1485303,0.021470591,0.012845941,0.0086246501
sst,parsec_t12,8,1450,2,1.1485272,0.021471583,0.01284696,0.0086246229
sst,parsec_t12,8,1500,2,1.1485258,0.021472169,0.012847575,0.0086245938
sst,parsec_t12,8,1550,2,1.1485257,0.021472442,0.012847878,0.0086245649
sst,parsec_t12,8,1600,2,1.1485263,0.021472533,0.012847996,0.0086245372
sst,parsec_t12,8,1650,2,1.1485271,0.021472541,0.012848031,0.0086245107
sst,parsec_t12,8,1700,2,1.148528,0.021472523,0.012848038,0.0086244852
sst,parsec_t12,8,1750,2,1.1485289,0.021472501,0.01284804,0.0086244607
sst,parsec_t12,8,1800,2,1.1485296,0.02147248,0.012848043,0.0086244369
sst,parsec_t12,8,1850,2,1.1485304,0.021472455,0.012848042,0.0086244139
sst,parsec_t12,8,1900,2,1.1485311,0.021472421,0.01284803,0.0086243915
sst,parsec_t12,8,1950,2,1.1485319,0.021472372,0.012848002,0.0086243697
sst,parsec_t12,8,2000,2,1.1485327,0.021472304,0.012847956,0.0086243485
sst,parsec_t12,8,2050,2,1.1485336,0.021472219,0.012847891,0.0086243279
sst,parsec_t12,8,2100,2,1.1485346,0.021472118,0.01284781,0.008624308
sst,parsec_t12,8,2150,2,1.1485357,0.021472002,0.012847713,0.0086242889
sst,parsec_t12,8,2200,2,1.1485368,0.021471876,0.012847605,0.0086242705
sst,parsec_t12,8,2250,2,1.1485379,0.021471745,0.012847492,0.0086242529
sst,parsec_t12,8,2300,2,1.148539,0.021471617,0.012847381,0.0086242361
sst,parsec_t12,8,2350,2,1.1485401,0.021471497,0.012847277,0.0086242199
sst,parsec_t12,8,2400,2,1.1485411,0.021471392,0.012847188,0.0086242044
sst,parsec_t12,8,2450,2,1.1485419,0.021471304,0.012847114,0.0086241894
sst,parsec_t12,8,2500,2,1.1485427,0.02147123,0.012847056,0.0086241748
sst,parsec_t12,8,2550,2,1.1485434,0.02147117,0.012847009,0.0086241606
sst,parsec_t12,8,2600,2,1.148544,0.021471117,0.01284697,0.0086241468
sst,parsec_t12,8,2650,2,1.1485446,0.021471067,0.012846934,0.0086241332
sst,parsec_t12,8,2700,2,1.1485452,0.021471017,0.012846897,0.00862412
sst,parsec_t12,8,2750,2,1.1485457,0.021470967,0.012846859,0.0086241071
sst,parsec_t12,8,2800,2,1.1485463,0.021470914,0.01284682,0.0086240946
sst,parsec_t12,8,2850,2,1.1485468,0.021470862,0.01284678,0.0086240824
sst,parsec_t12,8,2900,2,1.1485473,0.021470812,0.012846741,0.0086240706
sst,parsec_t12,8,2950,2,1.1485478,0.021470764,0.012846705,0.0086240592
sst,parsec_t12,8,3000,2,1.1485483,0.021470722,0.012846674,0.0086240482
sst,parsec_t12,8,3050,2,1.1485487,0.021470686,0.012846649,0.0086240375
sst,parsec_t12,8,3100,2,1.1485491,0.021470657,0.012846629,0.0086240272
sst,parsec_t12,8,3150,2,1.1485494,0.021470634,0.012846617,0.0086240173
sst,parsec_t12,8,3200,2,1.1485497,0.021470617,0.012846609,0.0086240077
sst,parsec_t12,8,3250,2,1.14855,0.021470605,0.012846607,0.0086239984
sst,parsec_t12,8,3300,2,1.1485503,0.021470597,0.012846607,0.0086239895
sst,parsec_t12,8,3350,2,1.1485506,0.021470591,0.01284661,0.008623981
sst,parsec_t12,8,3400,2,1.1485509,0.021470585,0.012846612,0.0086239727
