method,design,angles,best_LD,alpha_best,CL_best,LD_min_at_best,LD_max_at_best,gain_over_naca2412_percent,all_cfd_runs_steady
transition,naca2412,1,118.164965895729,4,0.724895409607843,108.647795971761,128.238956427869,0,0
transition,smooth_s1,1,147.372344082163,4,0.902607826296296,130.512425050276,166.719965977564,24.717460006045,0
transition,wavy_s1,1,131.402519960071,4,0.853037612386364,103.618802817276,171.0460679385,11.2026047348274,0
transition,parsec_t12,1,154.550438448475,4,1.0036904044,145.73439956028,164.697879848439,30.7920983829104,0
transition,robust_trip_s3,1,135.847684184041,4,0.845391617321429,125.067339893994,148.49063046399,14.9644339625291,0
transition,trip_worst_s1,1,112.025149866644,4,0.723514475357143,102.701767066708,123.264968627957,-5.19596987359455,0
xfoil_free,naca2412,1,101.043956043956,4,0.7356,NaN,NaN,0,0
xfoil_free,smooth_s1,1,135.724331926864,4,0.965,NaN,NaN,34.3220685736224,0
xfoil_free,wavy_s1,1,135.265917602996,4,0.9029,NaN,NaN,33.8683904499473,0
xfoil_free,parsec_t12,1,182.065404475043,4,1.0578,NaN,NaN,80.1843589693194,0
xfoil_free,robust_trip_s3,1,125.566433566434,4,0.8978,NaN,NaN,24.2691185921202,0
xfoil_free,trip_worst_s1,1,91.0834371108344,4,0.7314,NaN,NaN,-9.85760981962015,0
sst,naca2412,6,65.7769803660925,8,1.030604575,65.7741683286797,65.7793593224874,0,1
sst,smooth_s1,6,65.4997262984157,8,1.150582065,65.4970438322085,65.5018206761383,-0.421506226241708,1
sst,wavy_s1,6,65.2506750601516,8,1.121897465,65.2480855951412,65.252722300354,-0.800136009606589,1
sst,parsec_t12,6,55.5197206997019,6,0.993337984,55.5186217370943,55.5202239543166,-15.5939959683496,1
sst,robust_trip_s3,6,67.9413462309701,8,1.13818779,67.9387135867638,67.943411595975,3.29046096800349,1
sst,trip_worst_s1,6,66.7461761151464,8,1.04639411,66.7430567692274,66.7487184629555,1.47345734580642,1
xfoil_tripped,naca2412,6,71.9562146892655,8,1.0189,NaN,NaN,0,1
xfoil_tripped,smooth_s1,6,67.9506641366224,8,1.0743,NaN,NaN,-5.5666498994432,1
xfoil_tripped,wavy_s1,6,69.6703296703297,8,1.0778,NaN,NaN,-3.17677219237723,1
xfoil_tripped,parsec_t12,6,53.1147540983607,8,1.0368,NaN,NaN,-26.1846188995204,1
xfoil_tripped,robust_trip_s3,6,74.4651162790698,8,1.1207,NaN,NaN,3.48670590947378,1
xfoil_tripped,trip_worst_s1,6,77.2454715802623,10,1.2367,NaN,NaN,7.35066027838991,1
