design,condition,alpha,CL,CD,CM,xtrTop,xtrBot
naca2412,free,-2,0.0338,0.00647,-0.0561,0.7812,0.3107
naca2412,free,-1.5,0.0841,0.00627,-0.0546,0.7507,0.3739
naca2412,free,-1,0.1329,0.00602,-0.0528,0.7182,0.4637
naca2412,free,-0.5,0.1803,0.00578,-0.0507,0.6851,0.5705
naca2412,free,0,0.2276,0.00562,-0.0484,0.6519,0.6654
naca2412,free,0.5,0.2741,0.00551,-0.0459,0.6189,0.7549
naca2412,free,1,0.3207,0.00544,-0.0433,0.5863,0.8411
naca2412,free,1.5,0.3743,0.00551,-0.0422,0.5554,0.9115
naca2412,free,2,0.4436,0.00578,-0.0447,0.5227,0.9503
naca2412,free,2.5,0.5135,0.00611,-0.0473,0.4904,0.9699
naca2412,free,3,0.5883,0.00646,-0.0512,0.4572,0.9779
naca2412,free,3.5,0.66,0.00684,-0.0544,0.4214,0.9859
naca2412,free,4,0.7356,0.00728,-0.0585,0.3774,0.9937
naca2412,free,4.5,0.8125,0.0078,-0.0631,0.3205,0.9989
naca2412,free,5,0.8604,0.00833,-0.0616,0.2671,1
naca2412,free,5.5,0.896,0.00898,-0.0574,0.2149,1
naca2412,free,6,0.9313,0.00968,-0.0532,0.168,1
naca2412,free,7,1.0023,0.01116,-0.0449,0.0949,1
naca2412,free,7.5,1.0387,0.0119,-0.0409,0.0727,1
naca2412,free,8,1.075,0.01265,-0.037,0.0574,1
naca2412,free,8.5,1.1111,0.01342,-0.033,0.047,1
naca2412,free,9,1.1461,0.0142,-0.029,0.0399,1
naca2412,free,9.5,1.178,0.01498,-0.0243,0.0352,1
naca2412,free,10,1.2063,0.01579,-0.0192,0.0316,1
naca2412,free,10.5,1.233,0.01684,-0.0141,0.0282,1
naca2412,free,11,1.2624,0.01786,-0.0098,0.026,1
naca2412,free,11.5,1.2865,0.01928,-0.0052,0.0238,1
naca2412,free,12,1.3143,0.02058,-0.0014,0.022,1
naca2412,tripped,-2,-0.0103,0.01097,-0.0468,0.05,0.05
naca2412,tripped,-1.5,0.0436,0.01096,-0.0461,0.05,0.05
naca2412,tripped,-1,0.0974,0.01096,-0.0454,0.05,0.05
naca2412,tripped,-0.5,0.1512,0.01098,-0.0446,0.05,0.05
naca2412,tripped,0,0.2049,0.01102,-0.0439,0.05,0.05
naca2412,tripped,0.5,0.2584,0.01107,-0.0431,0.05,0.05
naca2412,tripped,1,0.3118,0.01114,-0.0423,0.05,0.05
naca2412,tripped,1.5,0.365,0.01123,-0.0415,0.05,0.05
naca2412,tripped,2,0.418,0.01133,-0.0406,0.05,0.05
naca2412,tripped,2.5,0.4708,0.01145,-0.0397,0.05,0.05
naca2412,tripped,3,0.5233,0.01159,-0.0388,0.05,0.05
naca2412,tripped,3.5,0.5754,0.01175,-0.0378,0.05,0.05
naca2412,tripped,4,0.6272,0.01192,-0.0367,0.05,0.05
naca2412,tripped,4.5,0.6786,0.01212,-0.0356,0.05,0.05
naca2412,tripped,5,0.7295,0.01234,-0.0344,0.05,0.05
naca2412,tripped,5.5,0.7798,0.01257,-0.0331,0.05,0.05
naca2412,tripped,6,0.8295,0.01283,-0.0316,0.05,0.05
naca2412,tripped,6.5,0.8785,0.01312,-0.0301,0.05,0.05
naca2412,tripped,7,0.9265,0.01343,-0.0284,0.05,0.05
naca2412,tripped,7.5,0.9734,0.01378,-0.0264,0.05,0.05
naca2412,tripped,8,1.0189,0.01416,-0.0243,0.05,0.05
naca2412,tripped,8.5,1.062,0.01463,-0.0216,0.05,0.05
naca2412,tripped,9,1.0967,0.01527,-0.0175,0.0434,0.05
naca2412,tripped,9.5,1.1286,0.01601,-0.013,0.0377,0.05
naca2412,tripped,10,1.1585,0.01692,-0.0084,0.0332,0.05
naca2412,tripped,10.5,1.1875,0.01789,-0.0039,0.0295,0.05
naca2412,tripped,11,1.2158,0.01891,0.0005,0.0271,0.05
naca2412,tripped,11.5,1.2385,0.02023,0.0054,0.0247,0.05
naca2412,tripped,12,1.263,0.02152,0.0096,0.0229,0.05
naca2412,free_M0,-2,0.0337,0.0064,-0.0555,0.7861,0.3185
naca2412,free_M0,-1.5,0.0835,0.0062,-0.054,0.7563,0.3829
naca2412,free_M0,-1,0.1314,0.00594,-0.0522,0.7242,0.4768
naca2412,free_M0,-0.5,0.1785,0.00571,-0.0502,0.6914,0.5818
naca2412,free_M0,0,0.2251,0.00555,-0.048,0.6584,0.6746
naca2412,free_M0,0.5,0.2711,0.00543,-0.0455,0.6254,0.7637
naca2412,free_M0,1,0.3174,0.00538,-0.0431,0.5925,0.8485
naca2412,free_M0,1.5,0.3713,0.00547,-0.0422,0.5611,0.916
naca2412,free_M0,2,0.4393,0.00574,-0.0445,0.5281,0.9525
naca2412,free_M0,2.5,0.5093,0.00606,-0.0475,0.4952,0.9703
naca2412,free_M0,3,0.5823,0.00641,-0.0511,0.4622,0.9784
naca2412,free_M0,3.5,0.6533,0.00677,-0.0544,0.4268,0.986
naca2412,free_M0,4,0.7276,0.00721,-0.0585,0.3838,0.9937
naca2412,free_M0,4.5,0.8035,0.00768,-0.0631,0.3286,0.9988
naca2412,free_M0,5,0.8517,0.00821,-0.0619,0.2758,1
naca2412,free_M0,5.5,0.8878,0.00881,-0.058,0.225,1
naca2412,free_M0,6,0.9234,0.00947,-0.0541,0.1783,1
naca2412,free_M0,6.5,0.9583,0.0102,-0.0501,0.1351,1
naca2412,free_M0,7,0.9938,0.01094,-0.0462,0.1018,1
naca2412,free_M0,7.5,1.0302,0.01166,-0.0425,0.0782,1
naca2412,free_M0,8,1.0671,0.01236,-0.039,0.0617,1
naca2412,free_M0,8.5,1.1037,0.01307,-0.0354,0.0505,1
naca2412,free_M0,9,1.1397,0.01381,-0.0319,0.0427,1
naca2412,free_M0,9.5,1.1745,0.01456,-0.0281,0.0372,1
naca2412,free_M0,10,1.2033,0.01539,-0.0233,0.033,1
naca2412,free_M0,10.5,1.2301,0.01628,-0.0183,0.0294,1
naca2412,free_M0,11,1.2594,0.01718,-0.0141,0.0271,1
naca2412,free_M0,11.5,1.2848,0.01838,-0.0097,0.0247,1
naca2412,free_M0,12,1.313,0.01952,-0.006,0.0229,1
smooth_s1,free,-2,0.2066,0.00823,-0.0785,0.6398,0.0373
smooth_s1,free,-1.5,0.2542,0.00752,-0.077,0.6279,0.2013
smooth_s1,free,-1,0.2984,0.00672,-0.0749,0.616,0.4511
smooth_s1,free,-0.5,0.3266,0.0055,-0.0689,0.6047,0.8769
smooth_s1,free,0,0.4058,0.00567,-0.0736,0.5925,0.9563
smooth_s1,free,0.5,0.4791,0.0059,-0.0773,0.5808,0.9702
smooth_s1,free,1,0.5592,0.00613,-0.0827,0.5689,0.9762
smooth_s1,free,1.5,0.6368,0.00637,-0.0875,0.5574,0.9845
smooth_s1,free,2,0.7325,0.00665,-0.0965,0.5455,0.9935
smooth_s1,free,2.5,0.8045,0.00673,-0.1003,0.534,0.9969
smooth_s1,free,3,0.8735,0.0068,-0.1036,0.523,0.9999
smooth_s1,free,3.5,0.9201,0.00693,-0.1019,0.5131,1
smooth_s1,free,4,0.965,0.00711,-0.0999,0.5028,1
smooth_s1,free,4.5,1.0094,0.00727,-0.0977,0.4843,1
smooth_s1,free,5,1.0528,0.00749,-0.0954,0.4664,1
smooth_s1,free,5.5,1.0944,0.00778,-0.0926,0.447,1
smooth_s1,free,6,1.1355,0.00809,-0.0898,0.4227,1
smooth_s1,free,6.5,1.1712,0.0086,-0.086,0.3862,1
smooth_s1,free,7,1.199,0.0094,-0.0807,0.3293,1
smooth_s1,free,7.5,1.1968,0.0113,-0.07,0.2079,1
smooth_s1,free,8,1.1775,0.01336,-0.0564,0.1056,1
smooth_s1,free,8.5,1.1889,0.01484,-0.0493,0.0666,1
smooth_s1,free,9,1.2092,0.01623,-0.0442,0.0479,1
smooth_s1,free,9.5,1.2322,0.0177,-0.0401,0.0376,1
smooth_s1,free,10,1.2542,0.01944,-0.0364,0.0301,1
smooth_s1,free,10.5,1.2777,0.02127,-0.0334,0.0246,1
smooth_s1,free,11,1.3008,0.02328,-0.0307,0.0202,1
smooth_s1,free,11.5,1.3203,0.02572,-0.0281,0.0167,1
smooth_s1,free,12,1.3398,0.0283,-0.0259,0.0147,1
smooth_s1,tripped,-2,0.1564,0.01143,-0.0692,0.05,0.0203
smooth_s1,tripped,-1.5,0.2068,0.01116,-0.068,0.05,0.05
smooth_s1,tripped,-1,0.2593,0.0112,-0.0673,0.05,0.05
smooth_s1,tripped,-0.5,0.3115,0.01126,-0.0666,0.05,0.05
smooth_s1,tripped,0,0.3634,0.01135,-0.0659,0.05,0.05
smooth_s1,tripped,0.5,0.4149,0.01145,-0.0651,0.05,0.05
smooth_s1,tripped,1,0.4661,0.01158,-0.0643,0.05,0.05
smooth_s1,tripped,1.5,0.5168,0.01172,-0.0634,0.05,0.05
smooth_s1,tripped,2,0.567,0.01188,-0.0625,0.05,0.05
smooth_s1,tripped,2.5,0.6166,0.01205,-0.0614,0.05,0.05
smooth_s1,tripped,3,0.6655,0.01225,-0.0603,0.05,0.05
smooth_s1,tripped,3.5,0.7135,0.01246,-0.059,0.05,0.05
smooth_s1,tripped,4,0.7605,0.01269,-0.0575,0.05,0.05
smooth_s1,tripped,4.5,0.8063,0.01294,-0.0558,0.05,0.05
smooth_s1,tripped,5,0.8506,0.01322,-0.0538,0.05,0.05
smooth_s1,tripped,5.5,0.8902,0.01349,-0.0509,0.05,0.05
smooth_s1,tripped,6,0.9281,0.01381,-0.0477,0.05,0.05
smooth_s1,tripped,6.5,0.9661,0.01422,-0.0447,0.05,0.05
smooth_s1,tripped,7,1.0033,0.01469,-0.0416,0.05,0.05
smooth_s1,tripped,7.5,1.0395,0.01521,-0.0385,0.05,0.05
smooth_s1,tripped,8,1.0743,0.01581,-0.0353,0.05,0.05
smooth_s1,tripped,8.5,1.1074,0.01652,-0.032,0.05,0.05
smooth_s1,tripped,9,1.1388,0.01735,-0.0287,0.05,0.05
smooth_s1,tripped,9.5,1.1643,0.01852,-0.0247,0.0454,0.05
smooth_s1,tripped,10,1.1839,0.02009,-0.0205,0.0368,0.05
smooth_s1,tripped,10.5,1.2021,0.0219,-0.0165,0.029,0.05
smooth_s1,tripped,11,1.2191,0.02395,-0.0129,0.0236,0.05
smooth_s1,tripped,11.5,1.2384,0.02602,-0.0099,0.0202,0.05
smooth_s1,tripped,12,1.2531,0.02857,-0.0069,0.0177,0.05
smooth_s1,free_M0,-2,0.2036,0.00811,-0.0774,0.6433,0.0506
smooth_s1,free_M0,-1.5,0.2506,0.00744,-0.076,0.6314,0.2162
smooth_s1,free_M0,-1,0.2935,0.00661,-0.0739,0.6192,0.4781
smooth_s1,free_M0,-0.5,0.324,0.00543,-0.0684,0.6079,0.8905
smooth_s1,free_M0,0,0.4032,0.00562,-0.0733,0.5958,0.9571
smooth_s1,free_M0,0.5,0.4748,0.00585,-0.0769,0.5842,0.9704
smooth_s1,free_M0,1,0.5532,0.00609,-0.082,0.5724,0.9765
smooth_s1,free_M0,1.5,0.6298,0.00634,-0.0869,0.5607,0.9847
smooth_s1,free_M0,2,0.7241,0.0066,-0.0957,0.5488,0.9936
smooth_s1,free_M0,2.5,0.7954,0.00665,-0.0996,0.5374,0.9968
smooth_s1,free_M0,3,0.8632,0.00673,-0.1028,0.5265,0.9999
smooth_s1,free_M0,3.5,0.9091,0.00687,-0.1012,0.5165,1
smooth_s1,free_M0,4,0.9541,0.00701,-0.0994,0.5059,1
smooth_s1,free_M0,4.5,0.9975,0.0072,-0.0972,0.4877,1
smooth_s1,free_M0,5,1.041,0.00739,-0.0951,0.4699,1
smooth_s1,free_M0,5.5,1.083,0.00765,-0.0927,0.4503,1
smooth_s1,free_M0,6,1.1233,0.00797,-0.0899,0.4266,1
smooth_s1,free_M0,6.5,1.1595,0.00846,-0.0864,0.3908,1
smooth_s1,free_M0,7,1.1901,0.00916,-0.0819,0.3398,1
smooth_s1,free_M0,7.5,1.1958,0.01084,-0.0729,0.2283,1
smooth_s1,free_M0,8,1.1786,0.01299,-0.0597,0.1136,1
smooth_s1,free_M0,8.5,1.1878,0.01436,-0.052,0.0705,1
smooth_s1,free_M0,9,1.2067,0.01567,-0.0466,0.0493,1
smooth_s1,free_M0,9.5,1.2301,0.01697,-0.0425,0.0385,1
smooth_s1,free_M0,10,1.2522,0.01851,-0.0387,0.0305,1
smooth_s1,free_M0,10.5,1.2778,0.02002,-0.0358,0.0257,1
smooth_s1,free_M0,11,1.3012,0.02183,-0.033,0.0212,1
smooth_s1,free_M0,11.5,1.3206,0.02406,-0.0303,0.0173,1
smooth_s1,free_M0,12,1.3428,0.02624,-0.0282,0.0157,1
wavy_s1,free,-2,0.1266,0.00823,-0.0584,0.5975,0.0877
wavy_s1,free,-1.5,0.1805,0.00797,-0.0579,0.5901,0.1366
wavy_s1,free,-1,0.2337,0.00753,-0.0573,0.5826,0.2412
wavy_s1,free,-0.5,0.28,0.00665,-0.0556,0.5753,0.5349
wavy_s1,free,0,0.3313,0.00635,-0.0544,0.568,0.6507
wavy_s1,free,0.5,0.3748,0.00584,-0.0515,0.5607,0.8147
wavy_s1,free,1,0.5392,0.00597,-0.0752,0.5517,0.9894
wavy_s1,free,1.5,0.6405,0.00608,-0.0852,0.5438,1
wavy_s1,free,2,0.6932,0.00616,-0.0845,0.5361,1
wavy_s1,free,2.5,0.7457,0.00627,-0.0838,0.5289,1
wavy_s1,free,3,0.7986,0.00638,-0.0831,0.5211,1
wavy_s1,free,3.5,0.8511,0.00652,-0.0823,0.5138,1
wavy_s1,free,4.5,0.9547,0.00683,-0.0806,0.4867,1
wavy_s1,free,5,1.0062,0.00702,-0.0797,0.4711,1
wavy_s1,free,5.5,1.0572,0.00724,-0.0787,0.4526,1
wavy_s1,free,6,1.1061,0.00759,-0.0774,0.4258,1
wavy_s1,free,6.5,1.151,0.00818,-0.0754,0.3793,1
wavy_s1,free,7,1.1773,0.00991,-0.0705,0.2582,1
wavy_s1,free,7.5,1.1826,0.01262,-0.0625,0.1123,1
wavy_s1,free,8,1.2069,0.01396,-0.0573,0.0722,1
wavy_s1,free,8.5,1.2318,0.0151,-0.0523,0.0559,1
wavy_s1,free,9,1.2445,0.01617,-0.045,0.0473,1
wavy_s1,free,9.5,1.2598,0.01766,-0.0396,0.0411,1
wavy_s1,free,10,1.2762,0.01981,-0.0359,0.036,1
wavy_s1,free,10.5,1.2982,0.02197,-0.0334,0.0316,1
wavy_s1,free,11,1.3131,0.02484,-0.0308,0.0278,1
wavy_s1,free,11.5,1.3279,0.02789,-0.0285,0.0264,1
wavy_s1,free,12,1.3464,0.03071,-0.0267,0.024,1
wavy_s1,tripped,-2,0.0962,0.01099,-0.0534,0.05,0.05
wavy_s1,tripped,-1.5,0.1504,0.01099,-0.0528,0.05,0.05
wavy_s1,tripped,-1,0.2045,0.01103,-0.0523,0.05,0.05
wavy_s1,tripped,-0.5,0.2585,0.01109,-0.0518,0.05,0.05
wavy_s1,tripped,0,0.3123,0.01116,-0.0513,0.05,0.05
wavy_s1,tripped,0.5,0.3658,0.01126,-0.0508,0.05,0.05
wavy_s1,tripped,1,0.4191,0.01138,-0.0503,0.05,0.05
wavy_s1,tripped,1.5,0.4721,0.01151,-0.0497,0.05,0.05
wavy_s1,tripped,2,0.5248,0.01167,-0.0491,0.05,0.05
wavy_s1,tripped,2.5,0.577,0.01184,-0.0485,0.05,0.05
wavy_s1,tripped,3,0.6287,0.01204,-0.0478,0.05,0.05
wavy_s1,tripped,3.5,0.6799,0.01225,-0.047,0.05,0.05
wavy_s1,tripped,4,0.7304,0.01249,-0.0461,0.05,0.05
wavy_s1,tripped,4.5,0.7802,0.01275,-0.0451,0.05,0.05
wavy_s1,tripped,5,0.829,0.01304,-0.044,0.05,0.05
wavy_s1,tripped,5.5,0.8767,0.01335,-0.0426,0.05,0.05
wavy_s1,tripped,6,0.9231,0.0137,-0.0411,0.05,0.05
wavy_s1,tripped,6.5,0.9677,0.01407,-0.0393,0.05,0.05
wavy_s1,tripped,7,1.01,0.01449,-0.0371,0.05,0.05
wavy_s1,tripped,7.5,1.0474,0.01494,-0.034,0.05,0.05
wavy_s1,tripped,8,1.0778,0.01547,-0.0296,0.05,0.05
wavy_s1,tripped,8.5,1.1072,0.01619,-0.0255,0.05,0.05
wavy_s1,tripped,9,1.134,0.01714,-0.0215,0.05,0.05
wavy_s1,tripped,9.5,1.1573,0.01846,-0.0176,0.0495,0.05
wavy_s1,tripped,10,1.1719,0.02052,-0.0135,0.0419,0.05
wavy_s1,tripped,10.5,1.1898,0.02261,-0.0103,0.0365,0.05
wavy_s1,tripped,11,1.2066,0.02493,-0.0073,0.0326,0.05
wavy_s1,tripped,11.5,1.2201,0.02762,-0.0044,0.0304,0.05
wavy_s1,tripped,12,1.2267,0.03096,-0.0014,0.027,0.05
wavy_s1,free_M0,-2,0.1245,0.00816,-0.0575,0.5998,0.0933
wavy_s1,free_M0,-1.5,0.1777,0.00791,-0.057,0.5922,0.1435
wavy_s1,free_M0,-1,0.2298,0.00743,-0.0564,0.5849,0.261
wavy_s1,free_M0,-0.5,0.2756,0.00659,-0.0547,0.5775,0.5468
wavy_s1,free_M0,0,0.3262,0.00629,-0.0536,0.5704,0.6581
wavy_s1,free_M0,1.5,0.632,0.00605,-0.0843,0.546,1
wavy_s1,free_M0,2,0.6843,0.0061,-0.0837,0.5387,1
wavy_s1,free_M0,2.5,0.7357,0.00624,-0.0829,0.5311,1
wavy_s1,free_M0,3,0.7881,0.00631,-0.0823,0.5237,1
wavy_s1,free_M0,3.5,0.8396,0.00648,-0.0815,0.5161,1
wavy_s1,free_M0,4,0.8913,0.00658,-0.0808,0.505,1
wavy_s1,free_M0,4.5,0.9422,0.00674,-0.08,0.4895,1
wavy_s1,free_M0,5,0.9927,0.00694,-0.0791,0.4738,1
wavy_s1,free_M0,5.5,1.0427,0.00716,-0.0782,0.456,1
wavy_s1,free_M0,6,1.0912,0.00748,-0.077,0.43,1
wavy_s1,free_M0,6.5,1.1365,0.008,-0.0754,0.3882,1
wavy_s1,free_M0,7,1.1693,0.00931,-0.0717,0.293,1
wavy_s1,free_M0,8,1.1992,0.01357,-0.059,0.0772,1
wavy_s1,free_M0,8.5,1.228,0.01458,-0.0548,0.059,1
wavy_s1,free_M0,9,1.25,0.01562,-0.0494,0.0484,1
wavy_s1,free_M0,9.5,1.2619,0.01679,-0.0426,0.0418,1
wavy_s1,free_M0,10,1.2791,0.01838,-0.0382,0.0372,1
wavy_s1,free_M0,10.5,1.2993,0.02034,-0.0352,0.0324,1
wavy_s1,free_M0,11,1.3178,0.02271,-0.0328,0.0288,1
wavy_s1,free_M0,11.5,1.3319,0.02563,-0.0303,0.0267,1
wavy_s1,free_M0,12,1.3528,0.02809,-0.0286,0.0246,1
parsec_t12,free,-2,0.3297,0.0087,-0.1262,0.7947,0.0699
parsec_t12,free,-1.5,0.3858,0.00846,-0.1261,0.7899,0.0761
parsec_t12,free,-1,0.4413,0.00827,-0.1259,0.7846,0.0818
parsec_t12,free,-0.5,0.4973,0.008,-0.1257,0.7795,0.0902
parsec_t12,free,0,0.5545,0.00789,-0.1259,0.7746,0.0985
parsec_t12,free,0.5,0.6091,0.00774,-0.1255,0.7692,0.1086
parsec_t12,free,1,0.665,0.00756,-0.1254,0.7629,0.122
parsec_t12,free,1.5,0.7201,0.00744,-0.1251,0.7558,0.1389
parsec_t12,free,2,0.7747,0.00731,-0.1247,0.7486,0.1663
parsec_t12,free,2.5,0.8195,0.00635,-0.1229,0.7413,0.6139
parsec_t12,free,3,0.868,0.00612,-0.1211,0.7316,0.7333
parsec_t12,free,3.5,0.915,0.00595,-0.1191,0.7194,0.8089
parsec_t12,free,4,1.0578,0.00581,-0.1386,0.6983,1
parsec_t12,free,4.5,1.1,0.0061,-0.1356,0.6607,1
parsec_t12,free,5,1.0994,0.00733,-0.124,0.5551,1
parsec_t12,free,5.5,1.062,0.00919,-0.1057,0.4534,1
parsec_t12,free,6,1.0711,0.01075,-0.0977,0.3859,1
parsec_t12,free,6.5,1.0962,0.01195,-0.0927,0.3419,1
parsec_t12,free,7.5,1.1624,0.01396,-0.0858,0.281,1
parsec_t12,free,8,1.1945,0.01508,-0.0823,0.248,1
parsec_t12,free,8.5,1.224,0.0164,-0.0787,0.207,1
parsec_t12,free,9,1.2464,0.01815,-0.0742,0.1488,1
parsec_t12,free,9.5,1.2623,0.02038,-0.069,0.0839,1
parsec_t12,free,10,1.2859,0.02227,-0.0651,0.0518,1
parsec_t12,free,10.5,1.3147,0.02389,-0.0619,0.0388,1
parsec_t12,free,11,1.3439,0.02553,-0.0589,0.0322,1
parsec_t12,free,11.5,1.3721,0.02728,-0.056,0.0275,1
parsec_t12,free,12,1.3981,0.02923,-0.0529,0.0246,1
parsec_t12,tripped,-2,0.1936,0.01201,-0.0987,0.05,0.05
parsec_t12,tripped,-1.5,0.2331,0.01205,-0.0953,0.05,0.05
parsec_t12,tripped,-1,0.2743,0.01215,-0.0924,0.05,0.05
parsec_t12,tripped,-0.5,0.3171,0.01233,-0.0898,0.05,0.05
parsec_t12,tripped,0,0.3603,0.01254,-0.0874,0.05,0.05
parsec_t12,tripped,0.5,0.4038,0.01278,-0.085,0.05,0.05
parsec_t12,tripped,1,0.4474,0.01304,-0.0828,0.05,0.05
parsec_t12,tripped,1.5,0.4908,0.01332,-0.0805,0.05,0.05
parsec_t12,tripped,2,0.5343,0.01362,-0.0783,0.05,0.05
parsec_t12,tripped,2.5,0.5775,0.01396,-0.0761,0.05,0.05
parsec_t12,tripped,3,0.6206,0.01431,-0.074,0.05,0.05
parsec_t12,tripped,3.5,0.6637,0.01469,-0.0718,0.05,0.05
parsec_t12,tripped,4,0.7063,0.01511,-0.0697,0.05,0.05
parsec_t12,tripped,4.5,0.7489,0.01554,-0.0676,0.05,0.05
parsec_t12,tripped,5,0.7911,0.01601,-0.0655,0.05,0.05
parsec_t12,tripped,5.5,0.8329,0.01651,-0.0633,0.05,0.05
parsec_t12,tripped,6,0.8748,0.01703,-0.0613,0.05,0.05
parsec_t12,tripped,6.5,0.9158,0.0176,-0.0591,0.05,0.05
parsec_t12,tripped,7,0.9566,0.0182,-0.057,0.05,0.05
parsec_t12,tripped,7.5,0.9973,0.01883,-0.0549,0.05,0.05
parsec_t12,tripped,8,1.0368,0.01952,-0.0528,0.05,0.05
parsec_t12,tripped,8.5,1.0763,0.02024,-0.0506,0.05,0.05
parsec_t12,tripped,9,1.1151,0.02101,-0.0485,0.05,0.05
parsec_t12,tripped,9.5,1.153,0.02186,-0.0462,0.05,0.05
parsec_t12,tripped,10,1.1907,0.02275,-0.044,0.05,0.05
parsec_t12,tripped,10.5,1.2259,0.02381,-0.0416,0.0491,0.05
parsec_t12,tripped,11,1.2547,0.02533,-0.0385,0.0382,0.05
parsec_t12,tripped,11.5,1.2823,0.02696,-0.0355,0.0314,0.05
parsec_t12,tripped,12,1.3093,0.0287,-0.0326,0.0275,0.05
parsec_t12,free_M0,-2,0.3255,0.00865,-0.1245,0.7957,0.0705
parsec_t12,free_M0,-1.5,0.381,0.00837,-0.1244,0.7909,0.077
parsec_t12,free_M0,-1,0.436,0.00823,-0.1243,0.7858,0.0823
parsec_t12,free_M0,-0.5,0.4909,0.00795,-0.1241,0.7806,0.0912
parsec_t12,free_M0,0,0.5471,0.00779,-0.1242,0.7759,0.1001
parsec_t12,free_M0,0.5,0.6017,0.00769,-0.124,0.7705,0.1093
parsec_t12,free_M0,1,0.6565,0.00751,-0.1239,0.7641,0.1232
parsec_t12,free_M0,1.5,0.7115,0.00739,-0.1237,0.7572,0.1404
parsec_t12,free_M0,2,0.765,0.00725,-0.1234,0.7502,0.1703
parsec_t12,free_M0,2.5,0.8093,0.00625,-0.1215,0.7431,0.6359
parsec_t12,free_M0,3,0.8572,0.00605,-0.1199,0.7337,0.7394
parsec_t12,free_M0,3.5,0.9038,0.00586,-0.1179,0.7224,0.8209
parsec_t12,free_M0,4.5,1.0896,0.00597,-0.1351,0.6706,1
parsec_t12,free_M0,5,1.1004,0.00701,-0.126,0.5721,1
parsec_t12,free_M0,5.5,1.0619,0.00885,-0.1074,0.4605,1
parsec_t12,free_M0,6,1.0678,0.01038,-0.0987,0.3898,1
parsec_t12,free_M0,6.5,1.0927,0.01151,-0.0938,0.3458,1
parsec_t12,free_M0,7,1.1249,0.01246,-0.0902,0.3143,1
parsec_t12,free_M0,7.5,1.1579,0.01343,-0.087,0.285,1
parsec_t12,free_M0,8,1.19,0.01449,-0.0837,0.2528,1
parsec_t12,free_M0,8.5,1.2192,0.01576,-0.0801,0.2135,1
parsec_t12,free_M0,9,1.243,0.01736,-0.076,0.1602,1
parsec_t12,free_M0,9.5,1.2602,0.01944,-0.0711,0.0954,1
parsec_t12,free_M0,10.5,1.3096,0.02295,-0.0638,0.0413,1
parsec_t12,free_M0,11,1.3389,0.02448,-0.061,0.0336,1
parsec_t12,free_M0,11.5,1.3666,0.02616,-0.0581,0.0285,1
parsec_t12,free_M0,12,1.3962,0.02773,-0.0556,0.0258,1
