time_s,stage,objective,xfoil_analyses,eval_seconds
0,start,-104.1168831,2,7.12
39.8579998016357,global,-90.28823058,1,2.64
40.066999912262,global,-92.55040323,1,2.78
40.5099999904633,global,-85.24663677,1,3.3
41.6029999256134,global,-102.4360902,1,4.39
43.5360000133514,global,-106.8043088,2,6.31
44.5719997882843,global,-104.1168831,2,7.36
53.7349998950958,global,-92.13685474,1,4.68
65.5159997940063,global,-85.83333333,1,2.73
65.664999961853,global,-87.96452703,1,2.89
67.6610000133514,global,-93.37264151,1,4.88
67.7739999294281,global,-99.93686869,1,4.99
72.8079998493195,global,-104.611172,2,14.57
82.5,global,-116.0043908,2,10.34
84.0859999656677,global,-88.72523686,1,2.44
88.7049999237061,global,-85.68581477,1,2.37
91.1380000114441,global,-101.7079208,1,4.79
91.2669999599457,global,-91.56762295,1,4.93
106.462999820709,global,-90.11764706,1,2.13
132.458999872208,global,-116.9096509,2,11.87
135.948999881744,global,-92.15885947,1,2.61
136.24799990654,global,-80.52945563,1,2.9
137.055999994278,global,-84.66492602,1,3.7
137.40299987793,global,-85.54249548,1,4.06
156.109999895096,global,-118.1449893,2,5.75
181.421999931335,global,-111.6846229,2,12.39
182.064999818802,global,-97.29598051,1,2.78
183.037999868393,global,-99.74212034,1,3.77
183.200999975204,global,-82.46045694,1,3.93
184.362999916077,global,-90.27065527,1,5.09
204.957000017166,global,-108.1828979,2,7.03
222.438999891281,global,-121.3471503,2,5.99
226.37099981308,global,-85.0617284,1,3.62
226.505999803543,global,-96.58884565,1,3.77
228.111999988556,global,-71.02966841,1,5.37
237.05999994278,global,-109.8474738,2,14.31
249.448999881744,global,-109.0844233,2,7.56
266.888000011444,global,-92.01360544,1,6.62
269.707000017166,global,-80.91713596,1,3.77
269.759999990463,global,-83.60088365,1,3.83
272.148000001907,global,-102.6477024,1,6.21
277.723999977112,global,-112.4049217,2,11.8
294.226999998093,global,-104.9287749,2,9.64
307.320999860764,global,-87.97804209,1,3.87
307.430999994278,global,-101.1439842,1,4
307.605000019073,global,-97.9519774,1,4.16
308.764999866486,global,-97.89237668,1,5.33
309.9359998703,global,-113.849711,2,8.3
334.886999845505,global,-102.9907503,2,14.28
341.797999858856,global,-98.1748072,1,3.67
350.470999956131,global,-93.11827957,1,2.49
350.485999822617,global,-103.9537445,1,2.51
350.585999965668,global,-87.00947226,1,2.6
351.493999958038,global,-93.50988142,1,3.51
376.912999868393,global,-106.0067492,2,10.42
394.423999786377,global,-113.4575087,2,8.81
397.026999950409,global,-94.83695652,1,3.86
403.631999969482,global,-108.9990375,2,10.47
404.24799990654,global,-105.3428571,2,11.08
404.799999952316,global,-105.804829,2,11.64
421.710999965668,global,-108.9398573,2,9.43
435.926999807358,global,-108.5046729,2,6.55
442.267999887466,global,-81.71102662,1,3.76
442.319000005722,global,-77.06806283,1,3.8
442.536999940872,global,-79.96575342,1,4.03
447.287999868393,global,-104.5682889,2,8.78
463.463999986649,global,-120.0527426,2,7.57
479.532999992371,global,-102.7824463,1,2.61
480.661999940872,global,-86.96493349,1,3.75
480.694999933243,global,-102.196468,1,3.77
480.783999919891,global,-125.4345006,2,7.8
480.908999919891,global,-98.45949535,1,3.99
503.967000007629,global,-122.4526198,2,7.81
520.968999862671,global,-104.6539028,2,5.8
522.319000005722,global,-75.18850987,1,2.83
527.412999868393,global,-106.3078471,2,7.92
529.642999887466,global,-115.6867196,2,10.14
531.123999834061,global,-108.3889528,2,11.63
540.009999990463,global,-103.8066465,1,2.33
558.326999902725,global,-98.27900913,1,3.43
559.740000009537,global,-86.88299817,1,2.52
559.776000022888,global,-98.38560886,1,2.55
559.878000020981,global,-93.30666667,1,2.65
559.909999847412,global,-79.32780083,1,2.67
582.587999820709,global,-116.5676568,2,8.29
599.105999946594,global,-89.84021305,1,2.87
599.21599984169,global,-87.25507502,1,2.99
601.584999799728,global,-83.80333952,1,5.36
602.385999917984,global,-108.5762332,2,10.61
602.432999849319,global,-88.40490798,1,6.21
626.43799996376,global,-112.9021372,2,12.47
635.18499994278,global,-102.9253731,1,3.32
642.866999864578,global,-86.38225256,1,2.48
644.490999937057,global,-94.60654288,1,4.12
647.909999847412,global,-116.6721854,2,7.53
648.77899980545,global,-123.0405405,2,8.4
664.305999994278,global,-106.6807314,2,5.94
681.376999855042,global,-112.1800434,2,5.32
690.655999898911,global,-90.22617124,1,2.78
690.782999992371,global,-86.94136292,1,2.91
691.316999912262,global,-80.90040928,1,3.44
695.782999992371,global,-83.02272727,1,7.9
714.613999843597,global,-109.1457859,2,7.07
737.314999818802,global,-111.4680851,2,9.68
742.096999883652,global,-86.78855326,1,2.66
742.144999980927,global,-95.14767932,1,2.7
742.773999929428,global,-95.76802508,1,3.34
743.315999984741,global,-72.12529738,1,3.89
768.151000022888,global,-110.1500536,2,9.69
783.798999786377,global,-96.79487179,1,2.78
784.866999864578,global,-103.5185185,1,3.84
785.182999849319,global,-99.54822955,1,4.16
785.800999879837,global,-90.23663453,1,4.77
787.605000019073,global,-110.7432432,2,11.2
807.519999980927,global,-98.88059701,1,8.53
826.118999958038,global,-110.0398406,2,8.91
827.651000022888,global,-90.1650165,1,2.75
827.664999961853,global,-97.53177966,1,2.78
831.740999937057,global,-90.13642565,1,6.86
835.078999996185,global,-105.5898567,2,10.19
851.878000020981,global,-115.8539326,2,8.11
870.651999950409,global,-113.4468085,2,6.66
873.717000007629,global,-84.34121622,1,2.85
874.848999977112,global,-101.17713,1,3.98
875.405999898911,global,-81.67636787,1,4.54
875.848999977112,global,-102.8994083,1,4.99
895.316999912262,global,-97.9956427,1,4.55
916.845999956131,global,-90.839599,1,2.63
916.970999956131,global,-90.76655052,1,2.77
917.145999908447,global,-76.72131148,1,2.94
920.144999980927,global,-121.1707841,2,9.99
925.395999908447,global,-113.2228571,2,11.18
936.557999849319,global,-102.6642984,1,3.56
956.847999811172,global,-99.05908096,1,2.96
957.260999917984,global,-83.92282958,1,3.38
959.399999856949,global,-102.1113244,1,5.52
960.306999921799,global,-106.3699422,2,6.42
960.923999786377,global,-117.3168103,2,9.68
980.625,global,-106.684322,2,7.98
998.967000007629,global,-115.9033079,2,6.1
1005.49599981308,global,-75.64912281,1,2.8
1006.9279999733,global,-78.22429907,1,4.23
1007.11199998856,global,-84.93172691,1,4.43
1015.86299991608,global,-109.970385,2,13.17
1031.33299994469,global,-116.4768683,2,8.73
1048.79199981689,global,-120.9378961,2,7.24
1049.40799999237,global,-72.22583266,1,2.82
1049.50999999046,global,-97.72151899,1,2.92
1055.62099981308,global,-104.3564356,2,9.03
1057.18699979782,global,-107.1444824,2,10.6
1068.57299995422,global,-82.97029703,1,2.54
1086.86099982262,global,-103.4942288,1,2.26
1093.09499979019,global,-98.61650485,1,2.72
1094.57199978828,global,-103.0277443,1,4.19
1100.63099980354,global,-109.6812279,2,10.26
1101.34499979019,global,-105.0055249,2,10.97
1117.41599988937,global,-109.5074456,2,7.68
1135.60599994659,global,-86.98510079,1,2.73
1135.74499988556,global,-84.45273632,1,2.87
1137.70700001717,global,-90.10989011,1,4.82
1138.29899978638,global,-102.1112696,1,5.4
1141.61099982262,global,-107.4631268,2,12.99
1154.88399982452,global,-102.1428571,1,2.93
1176.83099985123,global,-129.3902439,2,5.39
1179.46599984169,global,-104.1054809,1,2.65
1180.49499988556,global,-103.8948498,1,3.69
1180.632999897,global,-98.21289062,1,3.82
1180.86899995804,global,-90.12931034,1,4.06
1206.90899991989,global,-104.1242938,2,11.12
1217.44599986076,global,-96.14318707,1,2.4
1227.91899991035,global,-89.53259533,1,2.76
1227.93400001526,global,-73.5687453,1,2.77
1229.16399979591,global,-92.59259259,1,4
1235.02699995041,global,-107.1444569,2,9.85
1255.74099993706,global,-116.6897347,2,11.39
1270.34699988365,global,-130.4288939,2,6.75
1272.66599988937,global,-88.55443733,1,2.73
1273.85399985313,global,-83.68421053,1,3.9
1274.49499988556,global,-93.66748166,1,4.55
1276.47699999809,global,-77.23255814,1,6.53
1296.73000001907,global,-126.7444877,2,6.89
1317.26499986649,global,-116.9127517,2,5.94
1322.44499993324,global,-76.35910224,1,2.87
1322.45399999619,global,-93.77475248,1,2.89
1323.39299988747,global,-91.43717728,1,3.83
1327.06599998474,global,-114.5917285,2,7.48
1346.92999982834,global,-112.0863309,2,7.49
1360.64999985695,global,-95.19318182,1,2.22
1370.79799985886,global,-91.09643329,1,2.95
1370.83699989319,global,-86.31760644,1,2.97
1371.86899995804,global,-98.83995704,1,4.01
1373.882999897,global,-109.4345238,2,6.02
1395.53299999237,global,-107.8172589,2,7.88
1418.45599985123,global,-117.3762376,2,10.11
1425.81199979782,global,-94.37558685,1,2.66
1427.01799988747,global,-91.27516779,1,3.87
1434.05399990082,global,-104.9939541,2,10.91
1447.58599996567,global,-103.8663746,1,3.55
1472.89099979401,global,-98.48484848,1,2.57
1474.23599982262,global,-95.45054945,1,3.93
1474.34699988365,global,-92.61835749,1,4.04
1474.36299991608,global,-105.0969529,2,10.97
1479.88199996948,global,-101.4591195,1,9.55
1494.73699998856,global,-92.33297985,1,3.52
1515.2389998436,global,-98.88157895,1,4.32
1519.70399999619,global,-85.9502924,1,2.88
1520.77699995041,global,-100.9213483,1,3.96
1520.96700000763,global,-85.83666934,1,4.15
1521.19400000572,global,-83.1227652,1,4.37
1542.30599999428,global,-115.8615819,2,5.72
1563.28399991989,global,-110.9356725,2,6.74
1572.09299993515,global,-80.74766355,1,4.01
1572.96599984169,global,-89.01369863,1,4.88
1573.35399985313,global,-78.58227848,1,5.25
1573.56599998474,global,-81.40877598,1,5.47
1595.61199998856,global,-116.6396292,2,7.52
1611.38999986649,global,-86.50725875,1,2.42
1618.23599982262,global,-76.77575758,1,4.16
1619.42699980736,global,-88.58837485,1,5.36
1620.48799991608,global,-107.5857988,2,6.44
1620.72399997711,global,-84.82977039,1,6.65
1643.03099989891,global,-107.3796791,2,6.9
1659.94299983978,global,-94.83002833,1,3.21
1667.68899989128,global,-90.969163,1,2.76
1668.75499987602,global,-90.49513705,1,3.84
1671.10699987411,global,-126.1497326,2,6.2
1671.76799988747,global,-106.3218391,2,6.85
1693.28699994087,global,-118.0648899,2,7.66
1708.58999991417,global,-102.0329025,1,2.21
1718.66100001335,global,-93.64908504,1,2.84
1720.49699997902,global,-94.55483871,1,4.67
1721.06900000572,global,-92.11538462,1,5.23
1721.08899998665,global,-101.042885,1,5.26
1744.80399990082,global,-115.2533333,2,7.51
1764.59099984169,global,-115.9344262,2,6.86
1774.53999996185,global,-102.2699387,1,2.6
1778.56900000572,global,-108.5918854,2,6.63
1780.78899979591,global,-109.5948827,2,8.84
1798.84799981117,global,-105.4966887,2,6.39
1817.36699986458,global,-86.33390706,1,4.34
1826.375,global,-89.7740113,1,2.57
1826.50199985504,global,-95.92592593,1,2.7
1829.60599994659,global,-112.9424539,2,5.8
1837.06399989128,global,-104.2874109,2,13.25
1853.25099992752,global,-111.4271457,2,8.53
1870.12699985504,global,-80.3153527,1,2.78
1871.52899980545,global,-96.704947,1,4.18
1875.47699999809,global,-117.2580645,2,10.54
1876.75699996948,global,-114.3611794,2,9.4
1878.55499982834,global,-110.2693603,2,11.21
1893.97299981117,global,-107.2241993,2,5.7
1916.22799992561,global,-111.9581281,2,7.28
1920.36500000954,global,-84.83221477,1,2.84
1922.7389998436,global,-84.61282265,1,5.23
1923.81699991226,global,-109.3823529,2,6.3
1926.95299983025,global,-114.2344245,2,9.44
1942.0609998703,global,-99.20997921,1,3.39
1969.94799995422,global,-89.3115942,1,2.99
1969.94899988174,global,-85.79476861,1,3
1969.96599984169,global,-84.13132695,1,3.01
1970.21399998665,global,-106.5238559,2,10.48
1974.91499996185,global,-104.7792208,2,7.97
1994.85299992561,global,-107.2636263,2,6.74
2014.96099996567,global,-109.5983936,2,5.36
2018.98099994659,global,-92.05303678,1,2.99
2019.08799982071,global,-90.21327014,1,3.11
2019.08799982071,global,-75.09863429,1,3.11
2020.99199986458,global,-102.1188119,1,5.01
2043.23599982262,global,-104.1285297,2,5.62
2066.00599980354,global,-114.9607183,2,6.45
2069.0759999752,global,-93.26674501,1,3
2069.37699985504,global,-93.83390216,1,3.31
2069.69899988174,global,-83.0221519,1,3.63
2075.03299999237,global,-104.3314501,2,8.97
2097.382999897,global,-124.9021627,2,9.62
2118.27899980545,global,-112.312566,2,8.34
2122.21399998665,global,-100.2691066,1,2.99
2123.43899989128,global,-80.76129032,1,4.2
2123.57699990273,global,-96.53136531,1,4.34
2128.65499997139,global,-109.8646986,2,9.42
2151.02799987793,global,-104.888241,2,9.17
2168.0119998455,global,-97.38121547,1,3.2
2172.19699978828,global,-91.36409228,1,2.86
2172.70899987221,global,-87.07058824,1,3.37
2175.55599999428,global,-84.66811752,1,6.21
2182.62599992752,global,-103.8966631,2,13.28
2204.25599980354,global,-129.8599767,2,12.52
2227.01899981499,global,-111.1213992,2,12.29
2227.85599994659,global,-99.09519321,1,2.91
2229.00300002098,global,-95.6071076,1,4.06
2230.57799983025,global,-86.42087821,1,5.63
2237.87399983406,global,-113.2044199,2,12.92
2255.31599998474,global,-113.2315789,2,7.7
2275.22299981117,global,-86.81308411,1,4.63
2276.78799986839,global,-93.31526649,1,2.79
2278.04299998283,global,-83.32884097,1,4.03
2282.28499984741,global,-110.530474,2,8.3
2286.48399996758,global,-117.2871046,2,12.49
2303.74199986458,global,-112.7684729,2,7.03
2325.34299993515,global,-93.53909465,1,4
2325.5039999485,global,-104.1148776,1,5.24
2325.70499992371,global,-94.22702703,1,4.35
2325.84200000763,global,-89.26916221,1,4.5
2328.34099984169,global,-106.3812436,2,7
2353.9279999733,global,-111.5975104,2,8.73
2378.21299982071,global,-105.8718861,2,9.69
2382.16399979591,global,-82.14983713,1,4.1
2382.41599988937,global,-97.08748616,1,4.35
2387.96199989319,global,-104.6975425,2,9.89
2390.91299986839,global,-106.9427403,2,12.84
2410.10699987411,global,-105.9294118,2,7.82
2429.98599982262,global,-117.5334018,2,5.31
2433.2389998436,global,-97.65680473,1,2.88
2433.34499979019,global,-85.39951574,1,2.99
2433.46099996567,global,-98.42592593,1,3.11
2435.24599981308,global,-76.82656827,1,4.89
2462.31399989128,global,-107.7931034,2,9.96
2483.20499992371,global,-105.2618454,2,7.07
2485.18499994278,global,-99.80728051,1,2.78
2486.43499994278,global,-83.32807571,1,4.04
2486.4359998703,global,-85.84304584,1,4.04
2487.85500001907,global,-83.32464146,1,5.46
2509.98299980164,global,-105.9685864,2,5.93
2533.1369998455,global,-120.980663,2,6.36
2538.32899999619,global,-96.19834711,1,6.23
2541.09999990463,global,-106.9544365,2,9
2541.59299993515,global,-113.0860034,2,9.48
2542.49099993706,global,-104.3984221,2,10.38
2562.95399999619,global,-104.3133047,2,7.49
2590.08699989319,global,-96.91056911,1,2.78
2591.69400000572,global,-99.68208092,1,4.39
2592.62299990654,global,-112.8992879,2,14.23
2597.25300002098,global,-114.839779,2,9.94
2597.75899982452,global,-116.6978923,2,10.44
2616.84899997711,global,-110.108055,2,6.59
2642.48299980164,global,-119.9455338,2,8.64
2642.86299991608,global,-84.18257261,1,3.23
2642.86299991608,global,-73.38171263,1,3.22
2643.91999983788,global,-99.80368098,1,4.29
2651.43400001526,global,-107.4427995,2,11.78
2665.31699991226,global,-97.38836265,1,2.48
2692.78799986839,global,-91.95005945,1,3.83
2701.59399986267,global,-102.039604,1,3.01
2701.70499992371,global,-100.2947368,1,3.14
2705.53299999237,global,-78.49372385,1,6.96
2709.82699990273,global,-105.0684932,2,11.25
2733.36500000954,global,-109.7711016,2,10.54
2753.89599990845,global,-89.98465081,1,2.78
2754.03499984741,global,-80.4995971,1,2.91
2755.25599980354,global,-84.42896936,1,4.13
2756.32999992371,global,-106.8976215,2,10.78
2756.46899986267,global,-76.44615385,1,5.34
2788.82999992371,global,-112.2672508,2,14.9
2808.44599986076,global,-96.31917632,1,3.11
2810.90899991989,global,-123.5435057,2,11.89
2811.76099991798,global,-87.25368503,1,6.42
2812.85299992561,global,-108.7199125,2,7.51
2812.85399985313,global,-110.2232667,2,7.52
2835.42999982834,global,-121.6576381,2,7.58
2859.89199995995,global,-105.4370629,2,9.39
2860.69999980927,global,-94.36517533,1,3
2860.71799993515,global,-97.84338896,1,3
2863.07799983025,global,-86.10192837,1,5.37
2865.91799998283,global,-118.5467128,2,8.21
2889.36199998856,global,-109.8273155,2,8.47
2915.14899992943,global,-108.7093275,2,10.39
2916.79499983788,global,-85.42832909,1,4.23
2918.97699999809,global,-78.47953216,1,6.41
2919.74099993706,global,-107.3313492,2,7.19
2926.18799996376,global,-107.8052126,2,13.63
2943.24399995804,global,-104.3429844,2,7.5
2968.72399997711,global,-110.9842041,2,9.07
2975.63599991798,global,-82.06415621,1,4.23
2975.71499991417,global,-95.45056868,1,4.32
2978.92899990082,global,-128.1047938,2,7.53
2981.71799993515,global,-112.9826464,2,10.33
3000.85899996758,global,-108.5616438,2,5.9
3023.75699996948,global,-114.7368421,2,5.73
3026.1779999733,global,-94.45454545,1,2.99
3028.47899985313,global,-91.31698456,1,5.32
3028.60699987411,global,-102.8359909,1,5.43
3029.39800000191,global,-83.94993046,1,6.24
3057.47499990463,global,-115.6059009,2,11.08
3074.09099984169,global,-96.03174603,1,3.66
3079.85599994659,global,-82.64705882,1,2.79
3081.02499985695,global,-103.8883542,1,3.97
3081.40699982643,global,-83.04511278,1,4.35
3082.51999998093,global,-89.67073171,1,5.47
3110.04600000381,global,-116.6067864,2,10.04
3131.94999980927,global,-97.11538462,1,4.25
3132.14499998093,global,-102.240566,1,4.44
3134.882999897,global,-111.0928962,2,10.4
3136.22799992561,global,-107.4610895,2,8.54
3137.44599986076,global,-117.3457509,2,9.75
3156.54699993134,global,-111.417004,2,6.16
3182.84200000763,global,-84.08148148,1,3.35
3184.13800001144,global,-90.87982833,1,4.65
3185.25899982452,global,-95.22810219,1,5.76
3185.83599996567,global,-111.7768595,2,6.35
3189.33099985123,global,-113.378213,2,15.31
3209.42399978638,global,-111.6628959,2,7.47
3236.04199981689,global,-108.6483254,2,10.22
3242.79899978638,global,-102.1802326,1,2.88
3242.81199979782,global,-78.71016692,1,2.89
3242.84599995613,global,-82.66159696,1,2.92
3242.93499994278,global,-79.11722142,1,3
3264.89800000191,global,-87.18800648,1,2.41
3291.85500001907,global,-98.79768786,1,3.1
3291.87099981308,global,-80.2514193,1,3.11
3293.3259999752,global,-95.15968064,1,4.56
3294.09999990463,global,-95.63736264,1,5.31
3295.71700000763,global,-110.9395973,2,9.74
3317.94400000572,global,-110.1767956,2,5.96
3339.04499983788,global,-101.60199,1,3.16
3345.6819999218,global,-81.30898021,1,2.91
3346.54499983788,global,-89.07099698,1,3.76
3346.71299982071,global,-92.50632911,1,3.93
3350.09399986267,global,-107.5275938,2,7.32
3375.02699995041,global,-118.9211137,2,10.13
3396.39699983597,global,-93.11271975,1,2.92
3398.00899982452,global,-85.91042584,1,4.53
3400.26999998093,global,-101.4367816,1,6.78
3400.33200001717,global,-107.0602706,2,12.38
3401.93699979782,global,-105.3485839,2,8.45
3426.62599992752,global,-110.2708124,2,10.82
3451.60799980164,global,-100.9937888,1,2.99
3452.71399998665,global,-86.62515567,1,4.11
3452.82199978828,global,-77.11093991,1,4.22
3455.86899995804,global,-117.6982379,2,15.42
3458.26099991798,global,-120.5257732,2,9.65
3482.00499987602,global,-114.8878924,2,10.56
3497.65199995041,global,-92.02325581,1,2.43
3504.8869998455,global,-101.64297,1,2.9
3504.95599985123,global,-70.42231076,1,2.97
3504.98199987411,global,-95.17621145,1,2.98
3508.08499979973,global,-105.940367,2,6.09
3528.43699979782,global,-98.97089397,1,3.65
3552.10500001907,global,-103.3451119,1,4.54
3556.27799987793,global,-80.79006772,1,2.75
3556.53899979591,global,-88.7327478,1,3.01
3557.64999985695,global,-73.8647343,1,4.13
3563.73799991608,global,-112.0544835,2,10.2
3584.00699996948,global,-113.6098981,2,6.94
3607.02199983597,global,-109.5329087,2,6.24
3607.50199985504,global,-85.81878637,1,4.19
3607.57899999619,global,-87.64044944,1,4.26
3609.98000001907,global,-93.18181818,1,6.67
3612.37399983406,global,-106.8667467,2,9.05
3628.72499990463,global,-101.6,1,2.51
3653.56599998474,global,-88.90158172,1,2.49
3669.87299990654,global,-80.61104583,1,3.13
3670.83899998665,global,-84.87004104,1,4.11
3673.27899980545,global,-119.5647321,2,6.54
3676.16199994087,global,-107.5327511,2,9.41
3696.9399998188,global,-90.10802469,1,5.1
3717.82699990273,global,-103.6331776,1,2.26
3722.56299996376,global,-87.44149766,1,2.79
3723.87599992752,global,-88.7219917,1,4.1
3724.66399979591,global,-90.99640934,1,4.9
3726.97899985313,global,-112.7564767,2,7.2
3750.70499992371,global,-114.3233533,2,7.78
3776.36899995804,global,-93.77629063,1,2.99
3777.51899981499,global,-94.10185185,1,4.14
3777.76599979401,global,-95.66801619,1,4.39
3777.9279999733,global,-107.4541948,2,11.55
3778.91699981689,global,-92.65925177,1,5.53
3798.54899978638,global,-102.6722689,1,2.63
3821.85899996758,global,-99.59232614,1,2.26
3828.12199997902,global,-98.6244204,1,2.87
3829.19099998474,global,-96.07758621,1,3.95
3829.61999988556,global,-86.41891892,1,4.38
3830.35099983215,global,-98.28025478,1,5.11
3858.72299981117,global,-119.6215596,2,10.16
3881.09899997711,global,-104.1085271,1,4.32
3881.74499988556,global,-102.3628692,1,4.96
3884.3149998188,global,-109.372093,2,7.54
3888.95799994469,global,-116.8568102,2,16.51
3889.22599983215,global,-111.6528926,2,12.44
3906.60199999809,global,-109.9046484,2,6.85
3927.06999993324,global,-96.88289806,1,2.52
3932.28299999237,global,-97.79976717,1,2.79
3932.28399991989,global,-102.2373541,1,2.8
3932.37199997902,global,-76,1,2.88
3934.82199978828,global,-103.5543018,1,5.32
3964.82199978828,global,-117.3529412,2,11.94
3981.90699982643,global,-90.50464807,1,3.2
3984.02199983597,global,-77.28006457,1,5.31
3984.28899979591,global,-93.65591398,1,5.59
3984.71999979019,global,-107.9318449,2,8.1
3986.23099994659,global,-118.4308842,2,7.53
4009.60599994659,global,-124.6078431,2,8.52
4027.37099981308,global,-101.4967259,1,2.24
4033.38599991798,global,-91.05193076,1,2.78
4033.48799991608,global,-86.24838292,1,2.88
4033.60399985313,global,-99.05904059,1,2.99
4041.79799985886,global,-112.3671498,2,11.2
4061.90499997139,global,-116.0228571,2,7.85
4086.89800000191,global,-91.22959739,1,2.88
4087.68400001526,global,-116.1220044,2,10.08
4088.20199990273,global,-81.64222874,1,4.19
4089.5119998455,global,-85.05263158,1,5.51
4089.80199980736,global,-88.09486166,1,5.8
4112.23799991608,global,-117.9974811,2,5.56
4137.20700001717,global,-126.8898978,2,5.35
4143.52300000191,global,-86.89029203,1,3.01
4144.60799980164,global,-98.83769634,1,4.1
4148.73199987411,global,-123.5991141,2,8.23
4151.27099990845,global,-119.5005945,2,10.77
4179.84399986267,global,-111.3493064,2,15.5
4194.30599999428,global,-107.0581257,2,5.36
4200.72099995613,global,-84.28052326,1,4
4200.82799983025,global,-98.53016143,1,4.1
4201.84099984169,global,-87.868676,1,5.11
4203.02799987793,global,-112.9978587,2,6.3
4232.16499996185,global,-118.4868421,2,12.58
4253.06399989128,global,-108.9914163,2,8.5
4253.31799983978,global,-93.27272727,1,3.32
4254.32799983025,global,-100.608365,1,4.35
4254.44899988174,global,-89.40027894,1,4.47
4255.30399990082,global,-95.52683897,1,5.32
4276.80900001526,global,-99.60467206,1,3.45
4303.26300001144,global,-105.2489627,2,6.01
4307.40699982643,global,-84.67791411,1,4.1
4307.63800001144,global,-74.93690852,1,4.32
4310.50699996948,global,-114.1093969,2,7.2
4311.40799999237,global,-110.6507937,2,8.1
4334.17999982834,global,-116.2677485,2,7.46
4355.78099989891,global,-86.39133921,1,2.91
4356.01799988747,global,-98.67924528,1,3.14
4356.80199980736,global,-76.31404959,1,3.91
4359.18400001526,global,-104.8275862,2,8.65
4360.33999991417,global,-108.8179916,2,7.46
4381.87800002098,global,-109.3383271,2,5.85
4407.96999979019,global,-83.90282132,1,2.89
4407.98199987411,global,-73.55588897,1,2.91
4411.38599991798,global,-110.9265945,2,10.52
4414.36099982262,global,-109.3548387,2,9.29
4416.29199981689,global,-115.8767269,2,11.21
4432.1289999485,global,-98.90654206,1,3.41
4460.92399978638,global,-80.9321341,1,2.9
4460.92399978638,global,-80.80343214,1,2.89
4461.28600001335,global,-97.20352564,1,3.25
4461.56900000572,global,-110.4425837,2,8.27
4462.47099995613,global,-85.05154639,1,4.45
4483.69799995422,global,-102.8443878,1,2.7
4512.80499982834,global,-110.1141227,2,6.67
4513.86199998856,global,-90.67121729,1,2.89
4513.88099980354,global,-95.48466258,1,2.91
4514.03799986839,global,-77.68862275,1,3.06
4516.31999993324,global,-89.50060901,1,5.36
4543.59399986267,global,-110.7113821,2,9.82
4563.09299993515,global,-103.4097159,1,4.1
4566.31199979782,global,-99.52195122,1,2.77
4566.41799998283,global,-91.21247113,1,2.88
4566.43799996376,global,-102.4659864,1,2.89
4567.4279999733,global,-96.65639445,1,3.88
4594.41599988937,global,-109.5703125,2,7.64
4617.07999992371,global,-81.1440678,1,2.87
4617.2009999752,global,-103.4942288,1,3
4618.40799999237,global,-85.94034797,1,4.21
4618.83399987221,global,-94.07503234,1,8.07
4619.40399980545,global,-94.16666667,1,5.2
4643.16899991035,global,-116.7781155,2,5.72
4664.76599979401,global,-102.8200692,1,2.39
4669.19099998474,global,-97.73006135,1,3.01
4669.40899991989,global,-89.77922078,1,3.23
4670.21299982071,global,-96.49646504,1,4.03
4675.61099982262,global,-104.5615982,2,9.42
4699.875,global,-121.1226852,2,9.41
4723.84799981117,global,-117.3081464,2,8.57
4731.73399996758,global,-102.3918269,1,4.26
4732.71199989319,global,-98.15587267,1,5.23
4732.8259999752,global,-90.60945274,1,5.34
4736.20599985123,global,-114.2834891,2,8.73
4760.88800001144,global,-116.6703911,2,9.6
4783.96700000763,global,-76.98648649,1,4.28
4784.22899985313,global,-125.8159509,2,6.8
4785.00599980354,global,-99.1831972,1,5.32
4785.30599999428,global,-98.50119904,1,5.63
4787.9359998703,global,-105.3490481,2,8.25
4813.48599982262,global,-108.5126965,2,10.18
4837.10799980164,global,-107.2582253,2,7.46
4838.6819999218,global,-96.24671916,1,2.78
4840.68099999428,global,-85.60165975,1,4.76
4841.13399982452,global,-99.45638432,1,5.23
4846.09899997711,global,-105.8236994,2,10.19
4870.99699997902,global,-108.2217573,2,11.76
4887.74899983406,global,-79.9025974,1,3.12
4894.12699985504,global,-76.22057001,1,2.77
4894.14399981499,global,-95.57885141,1,2.8
4895.83999991417,global,-90.80357143,1,4.48
4902.1139998436,global,-113.2404541,2,10.77
4927.35099983215,global,-117.993763,2,12.16
4948.89599990845,global,-111.8601896,2,9.43
4950.2389998436,global,-97.95130143,1,3
4951.42899990082,global,-88.78424658,1,4.19
4953.86199998856,global,-105.9949937,2,6.62
4953.96399998665,global,-101.7547358,1,6.73
4981.70799994469,global,-113.2207479,2,10.49
5003.84499979019,global,-114.5384615,2,6.4
5014.48199987411,global,-98.24257426,1,2.77
5017.58399987221,global,-95.56129032,1,5.88
5022.95599985123,global,-106.225,2,11.25
5041.91499996185,global,-113.5862786,2,5.69
5067.28299999237,global,-96.16462347,1,2.91
5068.48299980164,global,-95.76443941,1,4.11
5068.71999979019,global,-85.76702215,1,4.34
5068.75300002098,global,-112.8014184,2,9.22
5071.14199995995,global,-104.8,2,6.76
5095.78499984741,global,-124.3370787,2,7.81
5118.63399982452,global,-114.2331288,2,5.5
5127.2009999752,global,-90.97359736,1,2.99
5127.32899999619,global,-100.9343066,1,3.11
5135.84799981117,global,-110.3773585,2,11.63
5136.67100000381,global,-111.4026403,2,12.46
5157.21499991417,global,-105.6109482,2,8.46
5180.34499979019,global,-111.3350126,2,6.54
5185.67999982834,global,-95.51051051,1,4.64
5188.94299983978,global,-117.5533109,2,7.9
5189.48199987411,global,-116.1538462,2,8.41
5192.36699986458,global,-114.0463065,2,11.31
5207.68099999428,global,-91.11111111,1,2.58
5236.03399991989,global,-123.2098765,2,6.52
5244.83699989319,global,-100.1016949,1,2.78
5244.95999979973,global,-104.0692641,1,2.89
5245.04299998283,global,-75.47169811,1,2.98
5245.97599983215,global,-90.71370641,1,3.91
5275.62299990654,global,-106.7576419,2,9.97
5297.6779999733,global,-112.2517321,2,6.55
5304.77499985695,global,-91.5598549,1,4.13
5307.20799994469,global,-103.8197845,2,6.56
5312.56399989128,global,-108.5452463,2,11.92
5313.99699997902,global,-106.9255319,2,13.34
5336.67100000381,global,-114.5500506,2,10.49
5363.49099993706,global,-92.96235679,1,3.12
5363.60299992561,global,-96.54117647,1,3.23
5364.70499992371,global,-83.56666667,1,4.34
5365.08999991417,global,-117.8265306,2,11.38
5365.23799991608,global,-92.59860789,1,4.86
5398.08699989319,global,-115.7264957,2,12.05
5421.51799988747,global,-100.5488851,1,2.92
5421.83599996567,global,-90.71979434,1,3.23
5421.94699978828,global,-95.24590164,1,3.34
5425.76899981499,global,-91.79190751,1,7.15
5426.00300002098,global,-106.3506064,2,11.76
5454.72499990463,global,-112.9405738,2,11.07
5478.68099999428,check,-130.4288939,2,6.34
5484.4849998951,final,-130.4288939,2,5.8
