mesh,alpha,far_field_chords,cells,iterations,CL,CD,CL_mean,CD_mean,CL_range,CD_range,steady,res_continuity,res_x_velocity,res_y_velocity,res_energy,res_k,res_omega
coarse,0,500,50292,3400,7.3220144e-09,0.008068638,-8.66632283e-09,0.00806863802,3.77830304e-08,3.00000000535983e-10,1,6.4979e-05,2.4636e-11,1.2698e-11,3.0535e-12,1.1661e-08,1.5258e-07
coarse,10,500,50292,3400,1.0747283,0.013073014,1.07473406,0.0130719841,8.59999999991423e-06,1.51100000000091e-06,1,0.0045192,2.8618e-09,2.4723e-09,4.939e-10,2.1672e-07,1.498e-07
coarse,15,500,50292,3400,0.65541195,0.31197168,0.600837483,0.2534316806,0.92519864,0.306891924,0,0.50187,4.0728e-07,3.3692e-07,2.3713e-08,0.016824,0.0013972
medium,0,500,100240,3400,-2.053575e-08,0.0081215406,7.507398807e-09,0.00812154067,6.8240612e-08,3.00000000535983e-10,1,5.5688e-05,2.011e-11,1.1294e-11,2.5879e-12,7.8098e-09,4.4693e-08
medium,10,500,100240,3400,1.0757012,0.012836324,1.07570742,0.0128352302,8.90000000008939e-06,1.59100000000044e-06,1,0.0047107,3.2037e-09,2.1294e-09,4.2872e-10,6.3518e-08,4.7976e-08
medium,15,500,100240,3400,1.495468,0.023391819,1.49546342,0.023391766,1.24999999999709e-05,2.08200000000047e-06,1,0.0012463,1.4875e-09,1.8297e-09,5.0325e-10,1.0448e-07,4.7378e-08
fine,0,500,200376,3400,2.7480967e-08,0.0081449202,-5.95821981e-09,0.00814492139,7.9422279e-08,2.60000000001925e-09,1,6.4864e-05,1.7909e-11,1.0954e-11,2.4682e-12,5.0595e-09,7.4829e-09
fine,10,500,200376,3400,1.0749305,0.012738655,1.07493572,0.0127377114,7.49999999993811e-06,1.28299999999949e-06,1,0.0054116,3.2737e-09,1.9022e-09,4.3791e-10,2.3591e-08,1.0742e-08
fine,15,500,200376,3400,1.4925476,0.023262193,1.49254045,0.0232622321,1.57999999998992e-05,1.74500000000091e-06,1,0.0025489,1.7644e-09,1.9015e-09,6.0255e-10,3.202e-08,1.0675e-08
R100,10,100,86832,3400,1.0746434,0.013035078,1.07464338,0.0130350769,1.00000000058387e-07,3.9999999996293e-09,1,9.9689e-07,6.1854e-12,2.8893e-11,1.0232e-12,5.4045e-09,2.3634e-11
R20,10,20,74240,3400,1.0698302,0.014044171,1.0698302,0.014044171,0,0,1,3.4618e-09,1.9419e-14,9.6639e-12,1.7946e-14,6.7383e-14,3.8067e-14
