mesh,alpha,iteration,order,CL,CD
medium,10,400,1,0.96563757,0.035453691
medium,10,450,2,1.0658152,0.013985317
medium,10,500,2,1.0734057,0.013327417
medium,10,550,2,1.0735974,0.013191406
medium,10,600,2,1.0740882,0.013117938
medium,10,650,2,1.0744626,0.013060483
medium,10,700,2,1.0746742,0.01301886
medium,10,750,2,1.0748904,0.012982398
medium,10,800,2,1.0750655,0.012950854
medium,10,850,2,1.0752251,0.012922003
medium,10,900,2,1.0753729,0.012895025
medium,10,950,2,1.0755104,0.012870142
medium,10,1000,2,1.0756383,0.012847517
medium,10,1050,2,1.0757527,0.012827634
medium,10,1100,2,1.0758482,0.012811209
medium,10,1150,2,1.0759204,0.012798936
medium,10,1200,2,1.0759662,0.012791151
medium,10,1250,2,1.075986,0.012787709
medium,10,1300,2,1.0759837,0.012787862
medium,10,1350,2,1.0759652,0.012790568
medium,10,1400,2,1.0759363,0.012794899
medium,10,1450,2,1.0759023,0.012800007
medium,10,1500,2,1.0758669,0.012805364
medium,10,1550,2,1.0758321,0.012810655
medium,10,1600,2,1.0757992,0.012815672
medium,10,1650,2,1.0757688,0.012820326
medium,10,1700,2,1.0757412,0.012824555
medium,10,1750,2,1.0757167,0.012828333
medium,10,1800,2,1.0756952,0.012831679
medium,10,1850,2,1.0756765,0.012834653
medium,10,1900,2,1.0756603,0.012837306
medium,10,1950,2,1.0756466,0.012839667
medium,10,2000,2,1.0756351,0.012841753
medium,10,2050,2,1.0756261,0.01284355
medium,10,2100,2,1.0756196,0.012845015
medium,10,2150,2,1.0756159,0.012846091
medium,10,2200,2,1.075615,0.012846737
medium,10,2250,2,1.075617,0.012846938
medium,10,2300,2,1.0756217,0.012846704
medium,10,2350,2,1.0756286,0.012846073
medium,10,2400,2,1.0756372,0.012845112
medium,10,2450,2,1.0756469,0.012843913
medium,10,2500,2,1.0756568,0.012842575
medium,10,2550,2,1.0756666,0.012841196
medium,10,2600,2,1.0756755,0.012839865
medium,10,2650,2,1.0756834,0.012838651
medium,10,2700,2,1.07569,0.012837603
medium,10,2750,2,1.0756953,0.012836742
medium,10,2800,2,1.0756995,0.012836064
medium,10,2850,2,1.0757028,0.012835553
medium,10,2900,2,1.0757053,0.012835186
medium,10,2950,2,1.0757073,0.012834938
medium,10,3000,2,1.0757087,0.01283479
medium,10,3050,2,1.0757097,0.012834733
medium,10,3100,2,1.0757101,0.01283476
medium,10,3150,2,1.07571,0.012834868
medium,10,3200,2,1.0757093,0.012835048
medium,10,3250,2,1.075708,0.012835295
medium,10,3300,2,1.0757061,0.012835599
medium,10,3350,2,1.0757038,0.012835947
medium,10,3400,2,1.0757012,0.012836324
medium,0,400,1,5.7036217e-06,0.011997239
medium,0,450,2,6.5207851e-06,0.0081233057
medium,0,500,2,3.7703562e-06,0.0081220406
medium,0,550,2,3.3028503e-06,0.0081215974
medium,0,600,2,2.9155366e-06,0.0081215404
medium,0,650,2,2.6140023e-06,0.0081215318
medium,0,700,2,2.3960656e-06,0.0081215311
medium,0,750,2,2.2586329e-06,0.0081215316
medium,0,800,2,2.1648604e-06,0.0081215325
medium,0,850,2,2.0791793e-06,0.0081215332
medium,0,900,2,1.971957e-06,0.0081215339
medium,0,950,2,1.8189908e-06,0.0081215348
medium,0,1000,2,1.6065419e-06,0.0081215358
medium,0,1050,2,1.3156922e-06,0.0081215368
medium,0,1100,2,9.5160934e-07,0.0081215376
medium,0,1150,2,5.4590105e-07,0.0081215386
medium,0,1200,2,1.4485906e-07,0.0081215393
medium,0,1250,2,-1.8391639e-07,0.0081215398
medium,0,1300,2,-4.0568021e-07,0.0081215403
medium,0,1350,2,-5.3301544e-07,0.0081215408
medium,0,1400,2,-5.7703829e-07,0.0081215414
medium,0,1450,2,-5.6492741e-07,0.0081215419
medium,0,1500,2,-5.3848179e-07,0.0081215424
medium,0,1550,2,-5.0598075e-07,0.0081215427
medium,0,1600,2,-4.7117204e-07,0.008121543
medium,0,1650,2,-4.3943502e-07,0.0081215431
medium,0,1700,2,-4.0762772e-07,0.0081215431
medium,0,1750,2,-3.7527323e-07,0.008121543
medium,0,1800,2,-3.4515985e-07,0.0081215429
medium,0,1850,2,-3.1915176e-07,0.0081215426
medium,0,1900,2,-2.9632529e-07,0.0081215424
medium,0,1950,2,-2.7426937e-07,0.0081215422
medium,0,2000,2,-2.5008404e-07,0.008121542
medium,0,2050,2,-2.2127278e-07,0.0081215418
medium,0,2100,2,-1.8607556e-07,0.0081215417
medium,0,2150,2,-1.4393945e-07,0.0081215417
medium,0,2200,2,-9.6167159e-08,0.0081215416
medium,0,2250,2,-4.559684e-08,0.0081215417
medium,0,2300,2,3.5568828e-09,0.0081215417
medium,0,2350,2,4.7304877e-08,0.0081215417
medium,0,2400,2,8.2644778e-08,0.0081215417
medium,0,2450,2,1.0802485e-07,0.0081215417
medium,0,2500,2,1.2337039e-07,0.0081215417
medium,0,2550,2,1.2986807e-07,0.0081215417
medium,0,2600,2,1.2956065e-07,0.0081215416
medium,0,2650,2,1.2417044e-07,0.0081215416
medium,0,2700,2,1.1456669e-07,0.0081215415
medium,0,2750,2,1.015787e-07,0.0081215414
medium,0,2800,2,8.72094e-08,0.0081215413
medium,0,2850,2,7.3397782e-08,0.0081215412
medium,0,2900,2,6.0213618e-08,0.008121541
medium,0,2950,2,4.7704862e-08,0.0081215409
medium,0,3000,2,3.6091995e-08,0.0081215408
medium,0,3050,2,2.5467413e-08,0.0081215407
medium,0,3100,2,1.5871411e-08,0.0081215407
medium,0,3150,2,7.2923696e-09,0.0081215406
medium,0,3200,2,-2.5786923e-10,0.0081215406
medium,0,3250,2,-6.8782443e-09,0.0081215406
medium,0,3300,2,-1.2554466e-08,0.0081215406
medium,0,3350,2,-1.7127733e-08,0.0081215406
medium,0,3400,2,-2.053575e-08,0.0081215406
medium,15,400,1,1.1358261,0.087294532
medium,15,450,2,1.4501739,0.0300068
medium,15,500,2,1.4896372,0.025529936
medium,15,550,2,1.4927642,0.02448088
medium,15,600,2,1.493292,0.024151301
medium,15,650,2,1.493859,0.023964443
medium,15,700,2,1.4941507,0.023847725
medium,15,750,2,1.494421,0.023757689
medium,15,800,2,1.4946332,0.023685727
medium,15,850,2,1.4948055,0.02362387
medium,15,900,2,1.4949524,0.023568749
medium,15,950,2,1.4950821,0.023519485
medium,15,1000,2,1.4952002,0.023475715
medium,15,1050,2,1.4953099,0.023437096
medium,15,1100,2,1.4954097,0.023403916
medium,15,1150,2,1.4954956,0.023376713
medium,15,1200,2,1.4955635,0.02335604
medium,15,1250,2,1.4956121,0.023341815
medium,15,1300,2,1.4956424,0.023333233
medium,15,1350,2,1.4956577,0.023328823
medium,15,1400,2,1.495661,0.023327487
medium,15,1450,2,1.4956557,0.023328457
medium,15,1500,2,1.4956443,0.023331356
medium,15,1550,2,1.4956282,0.023335928
medium,15,1600,2,1.4956084,0.023341795
medium,15,1650,2,1.4955856,0.023348513
medium,15,1700,2,1.4955607,0.023355629
medium,15,1750,2,1.4955346,0.023362783
medium,15,1800,2,1.4955084,0.023369728
medium,15,1850,2,1.4954829,0.023376324
medium,15,1900,2,1.4954589,0.023382482
medium,15,1950,2,1.4954372,0.02338817
medium,15,2000,2,1.4954184,0.023393234
medium,15,2050,2,1.4954029,0.023397707
medium,15,2100,2,1.4953909,0.023401507
medium,15,2150,2,1.4953825,0.023404563
medium,15,2200,2,1.4953778,0.023406836
medium,15,2250,2,1.4953766,0.023408329
medium,15,2300,2,1.4953784,0.023409065
medium,15,2350,2,1.4953829,0.023409109
medium,15,2400,2,1.4953895,0.023408558
medium,15,2450,2,1.4953976,0.023407524
medium,15,2500,2,1.4954064,0.02340612
medium,15,2550,2,1.4954153,0.023404463
medium,15,2600,2,1.4954238,0.02340268
medium,15,2650,2,1.4954314,0.023400888
medium,15,2700,2,1.4954379,0.023399184
medium,15,2750,2,1.4954431,0.023397632
medium,15,2800,2,1.4954472,0.023396264
medium,15,2850,2,1.4954504,0.023395087
medium,15,2900,2,1.4954531,0.02339409
medium,15,2950,2,1.4954555,0.023393251
medium,15,3000,2,1.4954577,0.023392558
medium,15,3050,2,1.4954599,0.023392002
medium,15,3100,2,1.4954619,0.023391583
medium,15,3150,2,1.4954638,0.023391305
medium,15,3200,2,1.4954654,0.023391169
medium,15,3250,2,1.4954666,0.023391169
medium,15,3300,2,1.4954675,0.02339129
medium,15,3350,2,1.4954679,0.023391514
medium,15,3400,2,1.495468,0.023391819
coarse,10,400,1,0.9396403,0.043172451
coarse,10,450,2,1.0639976,0.014474048
coarse,10,500,2,1.0714092,0.013638508
coarse,10,550,2,1.0725494,0.013455721
coarse,10,600,2,1.0730506,0.013370256
coarse,10,650,2,1.0734007,0.013307964
coarse,10,700,2,1.0736686,0.01326208
coarse,10,750,2,1.0738829,0.013224953
coarse,10,800,2,1.0740701,0.013192019
coarse,10,850,2,1.0742357,0.013162501
coarse,10,900,2,1.0743858,0.013135716
coarse,10,950,2,1.0745221,0.013111515
coarse,10,1000,2,1.0746443,0.013089825
coarse,10,1050,2,1.0747498,0.013071189
coarse,10,1100,2,1.074835,0.013056127
coarse,10,1150,2,1.0748979,0.013044964
coarse,10,1200,2,1.0749387,0.013037603
coarse,10,1250,2,1.0749599,0.013033567
coarse,10,1300,2,1.0749644,0.013032322
coarse,10,1350,2,1.0749564,0.013033162
coarse,10,1400,2,1.0749392,0.013035545
coarse,10,1450,2,1.0749158,0.013039002
coarse,10,1500,2,1.0748887,0.013043099
coarse,10,1550,2,1.0748598,0.013047508
coarse,10,1600,2,1.0748306,0.013051976
coarse,10,1650,2,1.0748022,0.013056327
coarse,10,1700,2,1.0747752,0.01306046
coarse,10,1750,2,1.0747501,0.013064293
coarse,10,1800,2,1.0747273,0.013067818
coarse,10,1850,2,1.074707,0.013070986
coarse,10,1900,2,1.0746892,0.013073825
coarse,10,1950,2,1.0746742,0.013076315
coarse,10,2000,2,1.0746619,0.01307844
coarse,10,2050,2,1.0746525,0.01308018
coarse,10,2100,2,1.0746459,0.013081518
coarse,10,2150,2,1.0746424,0.013082438
coarse,10,2200,2,1.0746416,0.013082941
coarse,10,2250,2,1.0746434,0.013083051
coarse,10,2300,2,1.0746475,0.013082806
coarse,10,2350,2,1.0746534,0.013082255
coarse,10,2400,2,1.0746607,0.013081456
coarse,10,2450,2,1.074669,0.013080472
coarse,10,2500,2,1.0746777,0.013079373
coarse,10,2550,2,1.0746864,0.013078226
coarse,10,2600,2,1.0746949,0.013077087
coarse,10,2650,2,1.0747028,0.013075997
coarse,10,2700,2,1.07471,0.013074993
coarse,10,2750,2,1.0747164,0.013074098
coarse,10,2800,2,1.0747219,0.013073331
coarse,10,2850,2,1.0747265,0.013072699
coarse,10,2900,2,1.0747302,0.013072206
coarse,10,2950,2,1.0747331,0.013071847
coarse,10,3000,2,1.0747351,0.013071616
coarse,10,3050,2,1.0747364,0.013071505
coarse,10,3100,2,1.0747369,0.013071503
coarse,10,3150,2,1.0747367,0.013071597
coarse,10,3200,2,1.0747359,0.013071774
coarse,10,3250,2,1.0747346,0.013072018
coarse,10,3300,2,1.0747329,0.013072315
coarse,10,3350,2,1.0747307,0.013072652
coarse,10,3400,2,1.0747283,0.013073014
fine,10,400,1,0.98936173,0.02957294
fine,10,450,2,1.0698489,0.013564149
fine,10,500,2,1.0724451,0.013177615
fine,10,550,2,1.0731054,0.013063784
fine,10,600,2,1.0734834,0.012998222
fine,10,650,2,1.0737572,0.012950438
fine,10,700,2,1.0739784,0.012911464
fine,10,750,2,1.0741655,0.01287795
fine,10,800,2,1.0743291,0.012848189
fine,10,850,2,1.0744803,0.012820405
fine,10,900,2,1.0746236,0.012793689
fine,10,950,2,1.0747617,0.012768029
fine,10,1000,2,1.0748938,0.012744127
fine,10,1050,2,1.0750157,0.012722966
fine,10,1100,2,1.0751195,0.012705426
fine,10,1150,2,1.0751982,0.012692401
fine,10,1200,2,1.0752469,0.01268451
fine,10,1250,2,1.0752641,0.012681879
fine,10,1300,2,1.0752526,0.01268377
fine,10,1350,2,1.0752203,0.012688775
fine,10,1400,2,1.075177,0.012695358
fine,10,1450,2,1.0751315,0.012702168
fine,10,1500,2,1.0750884,0.01270858
fine,10,1550,2,1.0750494,0.012714409
fine,10,1600,2,1.0750148,0.012719641
fine,10,1650,2,1.0749844,0.012724309
fine,10,1700,2,1.0749584,0.012728364
fine,10,1750,2,1.0749362,0.012731864
fine,10,1800,2,1.0749177,0.01273484
fine,10,1850,2,1.0749021,0.012737412
fine,10,1900,2,1.074889,0.012739676
fine,10,1950,2,1.0748776,0.012741732
fine,10,2000,2,1.0748677,0.012743664
fine,10,2050,2,1.074859,0.012745484
fine,10,2100,2,1.074852,0.012747137
fine,10,2150,2,1.0748471,0.012748518
fine,10,2200,2,1.0748448,0.012749511
fine,10,2250,2,1.0748455,0.012750014
fine,10,2300,2,1.0748495,0.012749967
fine,10,2350,2,1.0748564,0.012749379
fine,10,2400,2,1.0748659,0.012748318
fine,10,2450,2,1.0748769,0.012746901
fine,10,2500,2,1.0748887,0.012745267
fine,10,2550,2,1.0749001,0.012743571
fine,10,2600,2,1.0749102,0.01274196
fine,10,2650,2,1.0749186,0.012740549
fine,10,2700,2,1.0749247,0.012739414
fine,10,2750,2,1.0749289,0.012738579
fine,10,2800,2,1.0749315,0.012738024
fine,10,2850,2,1.074933,0.012737695
fine,10,2900,2,1.0749339,0.012737525
fine,10,2950,2,1.0749347,0.01273744
fine,10,3000,2,1.0749356,0.012737395
fine,10,3050,2,1.0749366,0.012737372
fine,10,3100,2,1.0749375,0.012737375
fine,10,3150,2,1.074938,0.012737422
fine,10,3200,2,1.074938,0.012737526
fine,10,3250,2,1.0749372,0.012737701
fine,10,3300,2,1.0749357,0.012737952
fine,10,3350,2,1.0749334,0.012738276
fine,10,3400,2,1.0749305,0.012738655
R100,10,400,1,0.96642703,0.035322282
R100,10,450,2,1.0706356,0.013634466
R100,10,500,2,1.0735016,0.013224842
R100,10,550,2,1.0743756,0.013085216
R100,10,600,2,1.074721,0.01302782
R100,10,650,2,1.0748477,0.013006705
R100,10,700,2,1.074794,0.013015114
R100,10,750,2,1.0746773,0.013031494
R100,10,800,2,1.0746072,0.01304007
R100,10,850,2,1.0745844,0.013042342
R100,10,900,2,1.0745972,0.013040049
R100,10,950,2,1.0746268,0.013035544
R100,10,1000,2,1.0746475,0.013032968
R100,10,1050,2,1.0746567,0.013032804
R100,10,1100,2,1.0746593,0.013033538
R100,10,1150,2,1.0746556,0.013034518
R100,10,1200,2,1.0746489,0.013035325
R100,10,1250,2,1.0746433,0.013035687
R100,10,1300,2,1.0746398,0.013035703
R100,10,1350,2,1.0746381,0.013035537
R100,10,1400,2,1.0746381,0.013035315
R100,10,1450,2,1.0746397,0.013035103
R100,10,1500,2,1.0746423,0.013034926
R100,10,1550,2,1.0746446,0.013034834
R100,10,1600,2,1.0746458,0.01303485
R100,10,1650,2,1.0746458,0.013034939
R100,10,1700,2,1.0746451,0.013035049
R100,10,1750,2,1.074644,0.013035139
R100,10,1800,2,1.0746429,0.013035189
R100,10,1850,2,1.0746422,0.013035191
R100,10,1900,2,1.0746421,0.013035154
R100,10,1950,2,1.0746425,0.013035101
R100,10,2000,2,1.074643,0.013035055
R100,10,2050,2,1.0746435,0.01303503
R100,10,2100,2,1.0746438,0.013035028
R100,10,2150,2,1.0746439,0.013035043
R100,10,2200,2,1.0746438,0.013035066
R100,10,2250,2,1.0746435,0.013035087
R100,10,2300,2,1.0746433,0.0130351
R100,10,2350,2,1.0746431,0.013035102
R100,10,2400,2,1.0746431,0.013035096
R100,10,2450,2,1.0746432,0.013035085
R100,10,2500,2,1.0746433,0.013035075
R100,10,2550,2,1.0746434,0.013035069
R100,10,2600,2,1.0746434,0.013035067
R100,10,2650,2,1.0746435,0.013035069
R100,10,2700,2,1.0746435,0.013035074
R100,10,2750,2,1.0746434,0.013035078
R100,10,2800,2,1.0746434,0.013035081
R100,10,2850,2,1.0746433,0.013035082
R100,10,2900,2,1.0746433,0.013035081
R100,10,2950,2,1.0746433,0.013035079
R100,10,3000,2,1.0746433,0.013035077
R100,10,3050,2,1.0746434,0.013035076
R100,10,3100,2,1.0746434,0.013035075
R100,10,3150,2,1.0746434,0.013035075
R100,10,3200,2,1.0746434,0.013035076
R100,10,3250,2,1.0746434,0.013035077
R100,10,3300,2,1.0746434,0.013035078
R100,10,3350,2,1.0746434,0.013035078
R100,10,3400,2,1.0746434,0.013035078
R20,10,400,1,0.96394981,0.035904462
R20,10,450,2,1.0687642,0.01422105
R20,10,500,2,1.069776,0.014049489
R20,10,550,2,1.0698555,0.014041772
R20,10,600,2,1.0698213,0.014044782
R20,10,650,2,1.0698325,0.014043971
R20,10,700,2,1.0698291,0.014044267
R20,10,750,2,1.06983,0.014044152
R20,10,800,2,1.0698301,0.014044179
R20,10,850,2,1.0698299,0.014044177
R20,10,900,2,1.0698302,0.014044172
R20,10,950,2,1.0698301,0.014044175
R20,10,1000,2,1.0698301,0.014044172
R20,10,1050,2,1.0698301,0.014044173
R20,10,1100,2,1.0698302,0.014044172
R20,10,1150,2,1.0698302,0.014044172
R20,10,1200,2,1.0698302,0.014044172
R20,10,1250,2,1.0698302,0.014044172
R20,10,1300,2,1.0698302,0.014044172
R20,10,1350,2,1.0698302,0.014044172
R20,10,1400,2,1.0698302,0.014044172
R20,10,1450,2,1.0698302,0.014044172
R20,10,1500,2,1.0698302,0.014044172
R20,10,1550,2,1.0698302,0.014044172
R20,10,1600,2,1.0698302,0.014044171
R20,10,1650,2,1.0698302,0.014044171
R20,10,1700,2,1.0698302,0.014044171
R20,10,1750,2,1.0698302,0.014044171
R20,10,1800,2,1.0698302,0.014044171
R20,10,1850,2,1.0698302,0.014044171
R20,10,1900,2,1.0698302,0.014044171
R20,10,1950,2,1.0698302,0.014044171
R20,10,2000,2,1.0698302,0.014044171
R20,10,2050,2,1.0698302,0.014044171
R20,10,2100,2,1.0698302,0.014044171
R20,10,2150,2,1.0698302,0.014044171
R20,10,2200,2,1.0698302,0.014044171
R20,10,2250,2,1.0698302,0.014044171
R20,10,2300,2,1.0698302,0.014044171
R20,10,2350,2,1.0698302,0.014044171
R20,10,2400,2,1.0698302,0.014044171
R20,10,2450,2,1.0698302,0.014044171
R20,10,2500,2,1.0698302,0.014044171
R20,10,2550,2,1.0698302,0.014044171
R20,10,2600,2,1.0698302,0.014044171
R20,10,2650,2,1.0698302,0.014044171
R20,10,2700,2,1.0698302,0.014044171
R20,10,2750,2,1.0698302,0.014044171
R20,10,2800,2,1.0698302,0.014044171
R20,10,2850,2,1.0698302,0.014044171
R20,10,2900,2,1.0698302,0.014044171
R20,10,2950,2,1.0698302,0.014044171
R20,10,3000,2,1.0698302,0.014044171
R20,10,3050,2,1.0698302,0.014044171
R20,10,3100,2,1.0698302,0.014044171
R20,10,3150,2,1.0698302,0.014044171
R20,10,3200,2,1.0698302,0.014044171
R20,10,3250,2,1.0698302,0.014044171
R20,10,3300,2,1.0698302,0.014044171
R20,10,3350,2,1.0698302,0.014044171
R20,10,3400,2,1.0698302,0.014044171
coarse,0,400,1,-3.483956e-06,0.013554906
coarse,0,450,2,-1.0551956e-05,0.0080703155
coarse,0,500,2,-4.0507546e-06,0.0080690865
coarse,0,550,2,-2.5843526e-06,0.0080686834
coarse,0,600,2,-2.089904e-06,0.0080686253
coarse,0,650,2,-1.8055377e-06,0.0080686225
coarse,0,700,2,-1.6217722e-06,0.008068625
coarse,0,750,2,-1.4901017e-06,0.0080686265
coarse,0,800,2,-1.3718969e-06,0.0080686275
coarse,0,850,2,-1.2603879e-06,0.0080686287
coarse,0,900,2,-1.1638029e-06,0.0080686299
coarse,0,950,2,-1.0465455e-06,0.0080686305
coarse,0,1000,2,-9.0929745e-07,0.0080686312
coarse,0,1050,2,-7.2893318e-07,0.0080686324
coarse,0,1100,2,-5.2180569e-07,0.0080686338
coarse,0,1150,2,-3.0267779e-07,0.0080686351
coarse,0,1200,2,-1.0688217e-07,0.0080686366
coarse,0,1250,2,5.1105156e-08,0.0080686376
coarse,0,1300,2,1.4771186e-07,0.0080686385
coarse,0,1350,2,1.866338e-07,0.0080686392
coarse,0,1400,2,2.1460153e-07,0.0080686397
coarse,0,1450,2,2.4351759e-07,0.0080686402
coarse,0,1500,2,2.6388236e-07,0.0080686406
coarse,0,1550,2,2.7286624e-07,0.0080686408
coarse,0,1600,2,2.7058551e-07,0.008068641
coarse,0,1650,2,2.6043127e-07,0.008068641
coarse,0,1700,2,2.4616073e-07,0.0080686409
coarse,0,1750,2,2.3028001e-07,0.0080686408
coarse,0,1800,2,2.154897e-07,0.0080686405
coarse,0,1850,2,2.0043225e-07,0.0080686403
coarse,0,1900,2,1.843958e-07,0.0080686401
coarse,0,1950,2,1.6581631e-07,0.0080686398
coarse,0,2000,2,1.4401877e-07,0.0080686396
coarse,0,2050,2,1.2261999e-07,0.0080686394
coarse,0,2100,2,9.8748427e-08,0.0080686393
coarse,0,2150,2,7.4230196e-08,0.0080686391
coarse,0,2200,2,4.6902894e-08,0.0080686391
coarse,0,2250,2,2.0993797e-08,0.008068639
coarse,0,2300,2,-1.7538302e-09,0.008068639
coarse,0,2350,2,-2.0900978e-08,0.0080686391
coarse,0,2400,2,-3.5888443e-08,0.0080686391
coarse,0,2450,2,-4.7012588e-08,0.0080686391
coarse,0,2500,2,-5.4760067e-08,0.0080686391
coarse,0,2550,2,-5.835438e-08,0.008068639
coarse,0,2600,2,-5.9828335e-08,0.008068639
coarse,0,2650,2,-5.9174242e-08,0.0080686389
coarse,0,2700,2,-5.6900978e-08,0.0080686388
coarse,0,2750,2,-5.3107065e-08,0.0080686387
coarse,0,2800,2,-4.8068005e-08,0.0080686385
coarse,0,2850,2,-4.2424214e-08,0.0080686384
coarse,0,2900,2,-3.6564272e-08,0.0080686383
coarse,0,2950,2,-3.0461016e-08,0.0080686382
coarse,0,3000,2,-2.4060494e-08,0.0080686381
coarse,0,3050,2,-1.8339032e-08,0.008068638
coarse,0,3100,2,-1.3075665e-08,0.008068638
coarse,0,3150,2,-8.7405335e-09,0.008068638
coarse,0,3200,2,-4.9424276e-09,0.0080686379
coarse,0,3250,2,-1.3892789e-09,0.008068638
coarse,0,3300,2,2.0297145e-09,0.008068638
coarse,0,3350,2,4.9934898e-09,0.008068638
coarse,0,3400,2,7.3220144e-09,0.008068638
coarse,15,400,1,0.84627346,0.13373504
coarse,15,450,2,0.36016932,0.17756692
coarse,15,500,2,0.28818187,0.13917899
coarse,15,550,2,0.3668578,0.16133602
coarse,15,600,2,0.45331151,0.19483507
coarse,15,650,2,0.91719972,0.20498883
coarse,15,700,2,0.43984304,0.086159134
coarse,15,750,2,0.67682231,0.13041876
coarse,15,800,2,1.1779158,0.44673375
coarse,15,850,2,0.47187588,0.2289105
coarse,15,900,2,0.49066178,0.080821389
coarse,15,950,2,0.62562347,0.157347
coarse,15,1000,2,0.65017075,0.1384513
coarse,15,1050,2,0.66017,0.14902359
coarse,15,1100,2,0.690094,0.28382749
coarse,15,1150,2,0.72121371,0.31857657
coarse,15,1200,2,0.24457567,0.091694204
coarse,15,1250,2,0.45178887,0.15146615
coarse,15,1300,2,1.0988208,0.37220818
coarse,15,1350,2,0.39328114,0.11191613
coarse,15,1400,2,0.46385385,0.17552912
coarse,15,1450,2,1.1277624,0.30563983
coarse,15,1500,2,0.69020369,0.25786474
coarse,15,1550,2,0.28081618,0.085922693
coarse,15,1600,2,0.40778181,0.10316124
coarse,15,1650,2,0.42895351,0.093728433
coarse,15,1700,2,0.44121695,0.094797505
coarse,15,1750,2,1.1799279,0.42586037
coarse,15,1800,2,0.33438315,0.099084009
coarse,15,1850,2,0.30749208,0.11185249
coarse,15,1900,2,0.88199891,0.36598528
coarse,15,1950,2,0.2521442,0.17163026
coarse,15,2000,2,0.42739201,0.18373447
coarse,15,2050,2,0.89900852,0.28033198
coarse,15,2100,2,0.23970407,0.12833849
coarse,15,2150,2,0.39939246,0.17429152
coarse,15,2200,2,0.35062899,0.1252586
coarse,15,2250,2,1.050619,0.36352713
coarse,15,2300,2,1.0704959,0.42577762
coarse,15,2350,2,0.81444944,0.33481205
coarse,15,2400,2,0.55078927,0.10359276
coarse,15,2450,2,0.51868619,0.16579871
coarse,15,2500,2,0.59912511,0.30378634
coarse,15,2550,2,0.28242235,0.1480794
coarse,15,2600,2,0.75313345,0.2734213
coarse,15,2650,2,0.18244041,0.063980562
coarse,15,2700,2,1.1072177,0.36314933
coarse,15,2750,2,0.31493322,0.11488644
coarse,15,2800,2,0.37151511,0.1138894
coarse,15,2850,2,0.40418989,0.19046084
coarse,15,2900,2,0.59202421,0.20921648
coarse,15,2950,2,1.0326546,0.40606638
coarse,15,3000,2,0.66250447,0.1926931
coarse,15,3050,2,0.63742942,0.31637577
coarse,15,3100,2,0.39768668,0.16612092
coarse,15,3150,2,0.48772959,0.19681417
coarse,15,3200,2,0.35954521,0.20349078
coarse,15,3250,2,0.87115852,0.30453126
coarse,15,3300,2,0.10745596,0.099174456
coarse,15,3350,2,0.79679843,0.33707829
coarse,15,3400,2,0.65541195,0.31197168
fine,0,400,1,-6.2507184e-06,0.010889388
fine,0,450,2,-5.3999517e-06,0.0081468937
fine,0,500,2,-4.6235342e-06,0.0081455207
fine,0,550,2,-3.7362415e-06,0.008145072
fine,0,600,2,-3.2284769e-06,0.0081449566
fine,0,650,2,-2.8650618e-06,0.0081449283
fine,0,700,2,-2.6138759e-06,0.0081449266
fine,0,750,2,-2.4641881e-06,0.0081449321
fine,0,800,2,-2.391801e-06,0.0081449372
fine,0,850,2,-2.3555139e-06,0.0081449397
fine,0,900,2,-2.2987184e-06,0.0081449405
fine,0,950,2,-2.1800171e-06,0.0081449403
fine,0,1000,2,-1.9635383e-06,0.0081449393
fine,0,1050,2,-1.6307513e-06,0.0081449375
fine,0,1100,2,-1.1877239e-06,0.0081449357
fine,0,1150,2,-6.4440296e-07,0.008144934
fine,0,1200,2,-9.3472244e-08,0.0081449329
fine,0,1250,2,3.5985372e-07,0.0081449324
fine,0,1300,2,6.5639343e-07,0.0081449323
fine,0,1350,2,7.9201773e-07,0.0081449323
fine,0,1400,2,7.9690423e-07,0.0081449324
fine,0,1450,2,7.1877218e-07,0.0081449325
fine,0,1500,2,6.2546996e-07,0.0081449326
fine,0,1550,2,5.5752445e-07,0.0081449326
fine,0,1600,2,5.0613042e-07,0.0081449325
fine,0,1650,2,4.6271756e-07,0.0081449323
fine,0,1700,2,4.247919e-07,0.008144932
fine,0,1750,2,3.8869834e-07,0.0081449316
fine,0,1800,2,3.5552971e-07,0.0081449311
fine,0,1850,2,3.2875976e-07,0.0081449306
fine,0,1900,2,3.0952004e-07,0.00814493
fine,0,1950,2,2.9581865e-07,0.0081449294
fine,0,2000,2,2.8338855e-07,0.0081449289
fine,0,2050,2,2.6605128e-07,0.0081449284
fine,0,2100,2,2.381039e-07,0.008144928
fine,0,2150,2,1.9616216e-07,0.0081449277
fine,0,2200,2,1.4019978e-07,0.0081449273
fine,0,2250,2,7.3368636e-08,0.0081449271
fine,0,2300,2,2.4234797e-09,0.0081449268
fine,0,2350,2,-6.3779275e-08,0.0081449265
fine,0,2400,2,-1.1735041e-07,0.0081449263
fine,0,2450,2,-1.5367981e-07,0.0081449261
fine,0,2500,2,-1.7223274e-07,0.0081449258
fine,0,2550,2,-1.7584389e-07,0.0081449255
fine,0,2600,2,-1.6890223e-07,0.0081449252
fine,0,2650,2,-1.5472488e-07,0.0081449249
fine,0,2700,2,-1.3610474e-07,0.0081449246
fine,0,2750,2,-1.1630725e-07,0.0081449243
fine,0,2800,2,-9.7668993e-08,0.0081449239
fine,0,2850,2,-8.0839739e-08,0.0081449236
fine,0,2900,2,-6.5682486e-08,0.0081449232
fine,0,2950,2,-5.1941312e-08,0.0081449228
fine,0,3000,2,-3.9428436e-08,0.0081449225
fine,0,3050,2,-2.7882696e-08,0.0081449221
fine,0,3100,2,-1.6993029e-08,0.0081449218
fine,0,3150,2,-6.7598445e-09,0.0081449214
fine,0,3200,2,2.7140784e-09,0.0081449211
fine,0,3250,2,1.1197487e-08,0.0081449209
fine,0,3300,2,1.8291994e-08,0.0081449207
fine,0,3350,2,2.3738593e-08,0.0081449204
fine,0,3400,2,2.7480967e-08,0.0081449202
fine,15,400,1,1.2022227,0.070697481
fine,15,450,2,1.475138,0.026003098
fine,15,500,2,1.4881246,0.02442014
fine,15,550,2,1.4901411,0.024057253
fine,15,600,2,1.490824,0.023876416
fine,15,650,2,1.4912069,0.023754409
fine,15,700,2,1.4914808,0.023660191
fine,15,750,2,1.4916933,0.023583343
fine,15,800,2,1.4918619,0.023520314
fine,15,850,2,1.4920043,0.023464165
fine,15,900,2,1.4921288,0.023412664
fine,15,950,2,1.4922411,0.023364933
fine,15,1000,2,1.4923475,0.023321297
fine,15,1050,2,1.4924523,0.023282664
fine,15,1100,2,1.4925527,0.023249546
fine,15,1150,2,1.492641,0.023222769
fine,15,1200,2,1.4927105,0.023203351
fine,15,1250,2,1.4927564,0.023191724
fine,15,1300,2,1.4927777,0.023187111
fine,15,1350,2,1.492778,0.023187691
fine,15,1400,2,1.4927643,0.023191394
fine,15,1450,2,1.4927434,0.023196451
fine,15,1500,2,1.4927195,0.023202222
fine,15,1550,2,1.4926941,0.023208656
fine,15,1600,2,1.4926678,0.023215747
fine,15,1650,2,1.4926407,0.023223281
fine,15,1700,2,1.4926132,0.023230913
fine,15,1750,2,1.4925859,0.023238267
fine,15,1800,2,1.4925599,0.023245103
fine,15,1850,2,1.492536,0.0232513
fine,15,1900,2,1.4925148,0.023256856
fine,15,1950,2,1.4924968,0.023261812
fine,15,2000,2,1.492482,0.023266244
fine,15,2050,2,1.4924702,0.023270237
fine,15,2100,2,1.4924615,0.02327377
fine,15,2150,2,1.4924559,0.023276738
fine,15,2200,2,1.4924536,0.023279032
fine,15,2250,2,1.4924545,0.023280561
fine,15,2300,2,1.4924583,0.023281265
fine,15,2350,2,1.4924648,0.02328115
fine,15,2400,2,1.4924734,0.023280289
fine,15,2450,2,1.4924835,0.0232788
fine,15,2500,2,1.4924943,0.023276852
fine,15,2550,2,1.492505,0.023274631
fine,15,2600,2,1.4925146,0.023272328
fine,15,2650,2,1.4925224,0.023270116
fine,15,2700,2,1.4925279,0.02326815
fine,15,2750,2,1.4925311,0.023266533
fine,15,2800,2,1.4925323,0.023265307
fine,15,2850,2,1.4925323,0.023264439
fine,15,2900,2,1.4925319,0.023263834
fine,15,2950,2,1.4925318,0.023263386
fine,15,3000,2,1.4925326,0.023262993
fine,15,3050,2,1.4925344,0.023262614
fine,15,3100,2,1.4925369,0.023262249
fine,15,3150,2,1.4925397,0.023261937
fine,15,3200,2,1.4925425,0.023261725
fine,15,3250,2,1.4925449,0.023261641
fine,15,3300,2,1.4925466,0.023261697
fine,15,3350,2,1.4925475,0.023261886
fine,15,3400,2,1.4925476,0.023262193
