mesh,alpha,cp_min,cp_min_CFL3D,cf_upper_mean_difference_percent,cf_upper_max_difference_percent,points_x_0p05_to_0p95
medium,0,-0.41297612,-0.41324,0.619426232667651,1.21202644923964,146
medium,10,-5.5762343,-5.6038,0.376976683093727,0.694596161734362,146
medium,15,-10.753839,-10.877,0.657306968514336,2.92348554791687,146
coarse,0,-0.41309333,-0.41324,0.120193030484466,0.289755344679259,103
coarse,10,-5.5641589,-5.6038,0.680360259855965,2.59739886914781,103
fine,0,-0.41289604,-0.41324,0.858110392282316,2.00513801478132,207
fine,10,-5.5811362,-5.6038,0.371542696351642,2.23020678652075,207
fine,15,-10.751464,-10.877,1.16055697248731,1.78960865678338,207
R100,10,-5.5662122,-5.6038,0.413064757583685,0.643414761158728,146
R20,10,-5.5179749,-5.6038,0.614122477736865,0.802350651142201,146
