CL,NACA2412,cruise,loiter,compromise,morphing_envelope,best_step
0.2,35.4486325627809,36.8937641174838,25.9241024693092,27.8243948185921,36.8937641174838,0
0.25,45.5060538884233,47.5922043636928,33.3775578477895,35.8106795470573,47.69528966096,0.1
0.3,55.4806388980096,59.764370179308,41.4537104257545,45.8542129318804,60.6789991771554,0.1
0.35,64.3296587175001,73.6403594856045,51.7384953800678,61.5001853152098,74.2486498869091,0.1
0.4,71.5128004124626,85.6450447922513,60.2012040579933,72.8823113409472,85.6450447922513,0
0.45,77.6343453112715,94.6379120005239,67.7867046175922,80.459668340726,94.6379120005239,0
0.5,83.0482337365349,102.190871636349,75.372205177191,87.6389230123086,102.190871636349,0
0.55,87.7753596795353,108.429444759564,82.9577057367899,94.0320754900031,108.429444759564,0
0.6,92.0408512284666,112.914038043702,90.5432062963888,101.254715358209,112.914038043702,0
0.65,96.0196242524322,114.292155451428,98.1287068559876,108.135247278205,114.292155451428,0
0.7,99.2382036171729,112.318279018966,105.667038024651,115.091943981865,113.110220336087,0.2
0.75,101.982226904965,112.959733992,112.895249390608,122.058846045713,115.733768129424,0.3
0.8,104.32252503469,112.958109754811,118.263219954649,128.741025242478,120.196496690646,0.5
0.85,103.627024399101,112.45951476122,122.938348857002,134.214824748505,125.178844871705,0.5
0.9,99.2609820459188,109.835495341821,127.645632939022,138.605812315965,128.522044161394,0.7
0.95,94.3468612057028,86.269057320498,131.233663364818,141.992414719312,131.507665522078,0.8
1,90.2921025979634,80.5502482659827,134.419912554079,143.101825931916,134.424124783528,0.9
1.05,87.0796178340826,77.8005986853043,137.297902859494,140.274703409996,137.297902859494,1
1.1,84.5553794816525,74.6525238778886,138.797313915956,94.9573803013886,138.797313915956,1
1.15,81.8961316656964,71.4461999498988,139.274844818186,84.8919633909698,139.274844818186,1
1.2,78.5854293537624,67.6467180610386,138.35667064579,76.3176535005935,138.35667064579,1
1.25,74.0032853025936,62.8564658585292,134.854255201621,66.8928494905057,134.854255201621,1
1.3,68.3425585980729,57.4545190978868,110.692978015339,57.2509221114338,110.692978015339,1
1.35,59.4768135111217,51.399898338221,71.404473989039,47.3206548963993,71.404473989039,1
1.4,50.23421949688,44.9320517238246,55.6158395441504,37.8410097106612,55.6158395441504,1
