case_name,objective,seeds,objective_original_fit,objective_mean,objective_std,objective_min,objective_max,gain_percent_mean,LDmax_original,LDmax_mean,LDmax_min,LDmax_max,E15_mean,CLmax_original,CLmax_mean,CM0_mean,all_meet_curvature_limits,xfoil_analysed_mean,run_time_min_mean
NACA_2412,LDmax,3,104.116883116883,139.140526690533,1.92607061368427,137.730673316708,141.335078534031,33.6387745437324,104.622395833333,139.366598698903,137.730673316708,141.753926701571,148.184112432885,1.4291,1.35583333333333,-0.0562333333333333,1,871,28.2777777777778
NACA_2412_nocurv,LDmax,3,104.116883116883,144.622073501734,1.765669591141,142.618741976893,145.951742627346,38.9035756471688,104.622395833333,144.84982908863,142.833333333333,146.117804551539,152.021911064982,1.4291,1.4485,-0.0628333333333333,0,1229,47.2222222222222
NACA_2412_weighted,LDatCL,3,85.3101673212877,121.950828221624,1.73298494402484,120.172605161484,123.63472203478,42.9499343991946,104.622395833333,135.636447842463,133.875,137.25988700565,138.812513889353,1.4291,1.39653333333333,-0.0584666666666667,1,989.333333333333,32.3333333333333
cmp_ga,LDmax,3,104.116883116883,129.863539408894,3.11117687475051,127.714932126697,133.431241655541,24.7286083882355,104.622395833333,129.983373176077,127.714932126697,133.431241655541,133.972680486128,1.4291,1.33166666666667,-0.0530666666666667,1,358.666666666667,11.3444444444444
cmp_pso,LDmax,3,104.116883116883,126.04575482544,2.76249405602105,123.099897013388,128.578313253012,21.0617827311821,104.622395833333,126.213356932604,123.501544799176,128.679471788715,133.694482380884,1.4291,1.36983333333333,-0.0448666666666667,1,78.6666666666667,3.52777777777778
cmp_bayesopt,LDmax,3,104.116883116883,128.203913152402,2.14122937803169,126.15763546798,130.428893905192,23.1346053727697,104.622395833333,128.425653626532,126.564039408867,130.687711386697,132.017322275117,1.4291,1.36703333333333,-0.0450666666666667,1,647.666666666667,91.85
NACA_0012,LDmax,3,76.913680781759,115.963400435393,4.21019387991604,111.101895734597,118.401997503121,50.7708371992188,76.4720194647202,116.142699538897,111.101895734597,118.924205378973,114.468997033762,1.308,1.37163333333333,-0.0210666666666667,1,919.666666666667,30.1222222222222
NACA_4412,LDmax,3,127.503045066991,167.646223288022,9.24576531976462,158.361486486486,176.852517985612,31.4840937327727,129.600515463918,167.735541667315,158.629441624365,176.852517985612,162.241621615117,1.526,1.4864,-0.131533333333333,1,749.333333333333,24.2222222222222
NACA_23012,LDmax,3,94.3566176470588,130.236630842352,2.33426335367562,127.578313253012,131.951530612245,38.0259637214879,98.8511029411764,130.483950068078,127.704326923077,132.448979591837,135.457099832781,1.4621,1.38603333333333,-0.034,1,955,33.5222222222222
CLARK_Y,LDmax,3,113.711001642036,171.557916098074,1.1542962151164,170.310192023634,172.587719298246,50.8718713411224,114.777327935223,171.730018211132,170.324963072378,172.587719298246,185.855405761553,1.5228,1.5968,-0.11575,1,1071.66666666667,37.8277777777778
NACA_2412_cruise,LDatCL,3,71.3197058470536,84.2207255851876,1.32464852352194,82.6947847935515,85.0749222720875,18.0889974024858,104.622395833333,100.798188108267,96.9961977186312,103.293103448276,85.8832173363804,1.4291,1.33943333333333,-0.0637333333333333,1,828.666666666667,24.5777777777778
NACA_2412_loiter,endurance,3,94.9996402858559,145.362960895926,5.44909959549649,139.555772899868,150.364199307451,53.0142224312915,104.622395833333,132.114861846342,127.707006369427,136.528735632184,145.651620229972,1.4291,1.42036666666667,-0.0433,1,1009.33333333333,35.5055555555556
NACA_2412_keepclmax,LDmax,1,104.116883116883,133.766871165644,0,133.766871165644,133.766871165644,28.4775985999078,104.622395833333,133.831089351285,133.831089351285,133.831089351285,141.66853252669,1.4291,1.4427,-0.039,1,918,39.3833333333333
