tag,case_name,seed,airfoil,objective,design_CL,algorithm,local_search,curvature_limits,objective_original_fit,objective_global,objective_final,objective_gain_percent,LDmax_original,LDmax_optimized,alpha_LDmax_optimized,E15_original,E15_optimized,CLmax_original,CLmax_optimized,CM0_original,CM0_optimized,tc_original,tc_optimized,reversals_top,reversals_bottom,te_curvature_top,te_curvature_bottom,meets_curvature_limits,evaluations,xfoil_analysed,rejected_after_xfoil_percent,worst_30_rejected_percent,median_eval_seconds,run_time_min,git_commit
NACA_2412_s1,NACA_2412,1,NACA 2412,LDmax,0.5,ga,1,1,104.116883116883,133.250927070457,141.335078534031,35.7465516667135,104.622395833333,141.753926701571,5.5,95.7385429728242,149.377544773029,1.4291,1.3744,-0.048,-0.0733,0.120050846165137,0.122384104295136,0,0,0.401526065633842,0.0644439896586354,1,1345,917,0,0,8.82,30.85,000f7c9
NACA_2412_s2,NACA_2412,2,NACA 2412,LDmax,0.5,ga,1,1,104.116883116883,132.858783008037,137.730673316708,32.2846681475182,104.622395833333,137.730673316708,6,95.7385429728242,146.454735892119,1.4291,1.348,-0.048,-0.0494,0.120050846165137,0.120528171651941,0,0,0.347572628465636,0.0816338457126164,1,1376,1011,0,0,8.18,30.6666666666667,000f7c9
NACA_2412_s3,NACA_2412,3,NACA 2412,LDmax,0.5,ga,1,1,104.116883116883,133.814432989691,138.355828220859,32.8851038169657,104.622395833333,138.615196078431,6.5,95.7385429728242,148.720056633508,1.4291,1.3451,-0.048,-0.046,0.120050846165137,0.123418306172833,0,0,0.230012429740435,0.0465445892928744,1,1343,685,0,0,8.58,23.3166666666667,000f7c9
NACA_2412_nocurv_s1,NACA_2412_nocurv,1,NACA 2412,LDmax,0.5,ga,1,0,104.116883116883,144.099868593955,145.951742627346,40.1806683585584,104.622395833333,146.117804551539,6,95.7385429728242,152.656397110632,1.4291,1.4609,-0.048,-0.0536,0.120050846165137,0.122058907239721,2,2,1.05750513422738,1.56932606843644,0,1405,1280,6.328125,26.6666666666667,10.115,49.7166666666667,000f7c9
NACA_2412_nocurv_s2,NACA_2412_nocurv,2,NACA 2412,LDmax,0.5,ga,1,0,104.116883116883,144.753424657534,145.295735900963,39.5506007780234,104.622395833333,145.598349381018,5.5,95.7385429728242,149.796574673828,1.4291,1.4588,-0.048,-0.077,0.120050846165137,0.120047015327707,2,2,1.7778321925258,0.77262030929488,0,1303,1149,17.319408181027,56.6666666666667,11.52,44.2,000f7c9
NACA_2412_nocurv_s3,NACA_2412_nocurv,3,NACA 2412,LDmax,0.5,ga,1,0,104.116883116883,142.521525215252,142.618741976893,36.9794578049245,104.622395833333,142.833333333333,6,95.7385429728242,153.612761410485,1.4291,1.4258,-0.048,-0.0579,0.120050846165137,0.120501209281831,2,4,0.275460222827533,1.75443791734426,0,1366,1258,9.30047694753577,66.6666666666667,9.33,47.75,000f7c9
NACA_2412_weighted_s1,NACA_2412_weighted,1,NACA 2412,LDatCL,0.4 1,ga,1,1,85.3101673212877,116.385224269691,122.045157468607,43.0605065032535,104.622395833333,135.774456521739,5.5,95.7385429728242,138.435653420214,1.4291,1.4537,-0.048,-0.0476,0.120050846165137,0.12300888302163,0,0,0.250471187806905,0.0683521842489606,1,1424,1113,0.0898472596585804,3.33333333333333,8.15,36.0833333333333,000f7c9
NACA_2412_weighted_s2,NACA_2412_weighted,2,NACA 2412,LDatCL,0.4 1,ga,1,1,85.3101673212877,120.172605161484,120.172605161484,40.865513378846,104.622395833333,133.875,5.5,95.7385429728242,140.673786481875,1.4291,1.3907,-0.048,-0.0593,0.120050846165137,0.127685290016666,0,0,0.435186104248553,0.1471711320547,1,1364,777,0.257400257400257,6.66666666666667,8.17,29.65,000f7c9
NACA_2412_weighted_s3,NACA_2412_weighted,3,NACA 2412,LDatCL,0.4 1,ga,1,1,85.3101673212877,114.723447160237,123.63472203478,44.9237833154842,104.622395833333,137.25988700565,4.5,95.7385429728242,137.328101765969,1.4291,1.3452,-0.048,-0.0685,0.120050846165137,0.124198698534925,0,0,0.465325387203695,0.0163965883919909,1,1385,1078,0.0927643784786642,3.33333333333333,7.645,31.2666666666667,000f7c9
cmp_ga_s1,cmp_ga,1,NACA 2412,LDmax,0.5,ga,0,1,104.116883116883,127.714932126697,127.714932126697,22.6649591337864,104.622395833333,127.714932126697,6.5,95.7385429728242,135.702749749941,1.4291,1.3205,-0.048,-0.0399,0.120050846165137,0.131394521317087,0,0,0.337374682827729,0.13365129988944,1,615,293,0,0,8.6,9.8,000f7c9
cmp_ga_s2,cmp_ga,2,NACA 2412,LDmax,0.5,ga,0,1,104.116883116883,133.431241655541,133.431241655541,28.1552402080159,104.622395833333,133.431241655541,5,95.7385429728242,133.391206276836,1.4291,1.3694,-0.048,-0.0599,0.120050846165137,0.127477749101279,0,0,0.523059305204657,0.0621129415133197,1,615,404,0,0,7.25,11.0833333333333,000f7c9
cmp_ga_s3,cmp_ga,3,NACA 2412,LDmax,0.5,ga,0,1,104.116883116883,128.444444444444,128.444444444444,23.3656258229041,104.622395833333,128.803945745993,5.5,95.7385429728242,132.824085431607,1.4291,1.3051,-0.048,-0.0594,0.120050846165137,0.129073650732389,0,0,0.405700230588326,0.136007860111526,1,615,379,0,0,10.61,13.15,000f7c9
cmp_pso_s1,cmp_pso,1,NACA 2412,LDmax,0.5,pso,0,1,104.116883116883,128.578313253012,128.578313253012,23.4942013282017,104.622395833333,128.679471788715,5.5,95.7385429728242,133.225207390659,1.4291,1.3898,-0.048,-0.0562,0.120050846165137,0.132849503955403,0,0,0.257350780749861,0.0644589098673479,1,643,85,0,0,6.72,3.73333333333333,000f7c9
cmp_pso_s2,cmp_pso,2,NACA 2412,LDmax,0.5,pso,0,1,104.116883116883,123.099897013388,123.099897013388,18.2324070104889,104.622395833333,123.501544799176,7.5,95.7385429728242,135.444075788224,1.4291,1.3972,-0.048,-0.0356,0.120050846165137,0.128172973706493,0,0,0.297309446153588,0.0421188099367334,1,643,70,0,0,4.71,3.05,000f7c9
cmp_pso_s3,cmp_pso,3,NACA 2412,LDmax,0.5,pso,0,1,104.116883116883,126.459054209919,126.459054209919,21.4587398548557,104.622395833333,126.459054209919,6.5,95.7385429728242,132.414163963769,1.4291,1.3225,-0.048,-0.0428,0.120050846165137,0.13138918366953,0,0,0.176362600829367,0.135993184274626,1,643,81,0,0,6.3,3.8,000f7c9
cmp_bayesopt_s1,cmp_bayesopt,1,NACA 2412,LDmax,0.5,bayesopt,0,1,104.116883116883,128.025210084034,128.025210084034,22.9629683980366,104.622395833333,128.025210084034,4.5,95.7385429728242,126.478044847224,1.4291,1.4016,-0.048,-0.0629,0.120050846165137,0.127927773900987,0,0,0.321529748256169,0.0594640302890301,1,648,648,0,0,4.47,92.6333333333333,000f7c9
cmp_bayesopt_s2,cmp_bayesopt,2,NACA 2412,LDmax,0.5,bayesopt,0,1,104.116883116883,126.15763546798,126.15763546798,21.1692395039851,104.622395833333,126.564039408867,6.5,95.7385429728242,128.867493729928,1.4291,1.3314,-0.048,-0.0333,0.120050846165137,0.136397181427577,0,0,0.0390269270132434,0.0533658738628527,1,647,647,0,0,5,91.2833333333333,000f7c9
cmp_bayesopt_s3,cmp_bayesopt,3,NACA 2412,LDmax,0.5,bayesopt,0,1,104.116883116883,130.428893905192,130.428893905192,25.2716082162876,104.622395833333,130.687711386697,7,95.7385429728242,140.706428248198,1.4291,1.3681,-0.048,-0.039,0.120050846165137,0.127659949470403,0,0,0.174713403719779,0.0230486593475751,1,648,648,0,0,5.11,91.6333333333333,000f7c9
NACA_0012_s1,NACA_0012,1,NACA 0012,LDmax,0.5,ga,1,1,76.913680781759,99.8766816143498,118.401997503121,53.9414006710775,76.4720194647202,118.401997503121,6,75.9911097626133,115.306768705364,1.308,1.3539,-0,-0.0178,0.120013967381644,0.123638543625203,0,0,0.286250488394915,0.275922291706545,1,1397,1097,0.0911577028258888,3.33333333333333,8.87,36.2166666666667,000f7c9
NACA_0012_s2,NACA_0012,2,NACA 0012,LDmax,0.5,ga,1,1,76.913680781759,111.101895734597,111.101895734597,44.4501090122661,76.4720194647202,111.101895734597,6,75.9911097626133,110.804536487106,1.308,1.4032,-0,-0.0201,0.120013967381644,0.123334338016545,0,0,0.328295203219355,0.13366495497549,1,1325,786,0,0,8.955,28.1,000f7c9
NACA_0012_s3,NACA_0012,3,NACA 0012,LDmax,0.5,ga,1,1,76.913680781759,113.527357392317,118.38630806846,53.9210019143128,76.4720194647202,118.924205378973,6,75.9911097626133,117.295685908816,1.308,1.3578,-0,-0.0253,0.120013967381644,0.119981781277505,0,0,0.26462389796888,0.150996483790311,1,1343,876,0,0,8.16,26.05,000f7c9
NACA_4412_s1,NACA_4412,1,NACA 4412,LDmax,0.5,ga,1,1,127.503045066991,176.528776978417,176.852517985612,38.7045445798501,129.600515463918,176.852517985612,3.5,133.548009639554,175.369582136649,1.526,1.4995,-0.0963,-0.1335,0.120165593812071,0.12022522144977,0,1,0.669788667980971,-0.0830319889320352,1,1310,722,0.277008310249307,3.33333333333333,8.41,22.0833333333333,000f7c9
NACA_4412_s2,NACA_4412,2,NACA 4412,LDmax,0.5,ga,1,1,127.503045066991,158.361486486486,158.361486486486,24.2021211362299,129.600515463918,158.629441624365,3.5,133.548009639554,154.266112497384,1.526,1.4944,-0.0963,-0.1235,0.120165593812071,0.120261279555843,0,1,0.250789102002637,-0.0496273039787009,1,1317,648,0.925925925925926,10,8.05,24.5,000f7c9
NACA_4412_s3,NACA_4412,3,NACA 4412,LDmax,0.5,ga,1,1,127.503045066991,165.602294455067,167.724665391969,31.5456154822381,129.600515463918,167.724665391969,2.5,133.548009639554,157.089170211316,1.526,1.4653,-0.0963,-0.1376,0.120165593812071,0.120239412312421,0,1,0.7397692797418,-0.0170349045047345,1,1339,878,1.13895216400911,10,7.095,26.0833333333333,000f7c9
NACA_23012_s1,NACA_23012,1,NACA 23012,LDmax,0.5,ga,1,1,94.3566176470588,126.047032474804,131.1800486618,39.0258064913686,98.8511029411764,131.29854368932,6.5,104.343644032943,137.76324353762,1.4621,1.4004,-0.0033,-0.0315,0.12004231656149,0.120679194497087,0,0,0.115548810977986,0.421833564086386,1,1314,768,1.171875,10,9.965,28.3833333333333,000f7c9
NACA_23012_s2,NACA_23012,2,NACA 23012,LDmax,0.5,ga,1,1,94.3566176470588,126.52027027027,131.951530612245,39.8434300663574,98.8511029411764,132.448979591837,6,104.343644032943,136.973448772658,1.4621,1.3869,-0.0033,-0.0383,0.12004231656149,0.120624098919494,0,0,0.424793591082475,0.624428981939868,1,1381,938,0,0,8.865,34.6333333333333,000f7c9
NACA_23012_s3,NACA_23012,3,NACA 23012,LDmax,0.5,ga,1,1,94.3566176470588,122.899061032864,127.578313253012,35.2086546067379,98.8511029411764,127.704326923077,6.5,104.343644032943,131.634607188064,1.4621,1.3708,-0.0033,-0.0322,0.12004231656149,0.130376230419278,0,0,0.434844536478253,0.529981822393977,1,1496,1159,0.0862812769628991,3.33333333333333,7.22,37.55,000f7c9
CLARK_Y_s1,CLARK_Y,1,CLARK Y AIRFOIL,LDmax,0.5,ga,1,1,113.711001642036,169.654676258993,172.587719298246,51.7775033250998,114.777327935223,172.587719298246,5.5,122.558783285451,187.517966783076,1.5228,1.5918,-0.0826,-0.118,0.117073271891237,0.118755281516613,1,3,-0.715887216523697,0.7698476698717,1,1467,1160,0,0,8.03,44.9333333333333,000f7c9
CLARK_Y_s2,CLARK_Y,2,CLARK Y AIRFOIL,LDmax,0.5,ga,1,1,113.711001642036,166.191860465116,170.310192023634,49.7745948626612,114.777327935223,170.324963072378,5.5,122.558783285451,182.899193111641,1.5228,1.6023,-0.0826,-0.11155,0.117073271891237,0.117294037018564,1,2,-0.712641115048376,0.415386285771618,1,1300,1034,0.193423597678917,6.66666666666667,8.97,35.8,000f7c9
CLARK_Y_s3,CLARK_Y,3,CLARK Y AIRFOIL,LDmax,0.5,ga,1,1,113.711001642036,167.920227920228,171.775836972344,51.0635158356061,114.777327935223,172.277372262774,5.5,122.558783285451,187.149057389942,1.5228,1.5963,-0.0826,-0.1177,0.117073271891237,0.118160595119541,1,3,-0.705476327656495,0.671351818978972,1,1315,1021,0.19588638589618,6.66666666666667,7.65,32.75,000f7c9
NACA_2412_cruise_s1,NACA_2412_cruise,1,NACA 2412,LDatCL,0.4,ga,1,1,71.3197058470536,82.6947847935515,82.6947847935515,15.9494193244319,104.622395833333,103.293103448276,3.5,95.7385429728242,79.950463496391,1.4291,1.3,-0.048,-0.053,0.120050846165137,0.120576735691677,0,0,0.196025941640172,0.0270390549429992,1,1262,846,0,0,7.74,23.8833333333333,000f7c9
NACA_2412_cruise_s2,NACA_2412_cruise,2,NACA 2412,LDatCL,0.4,ga,1,1,71.3197058470536,84.5472699017226,85.0749222720875,19.2866982016615,104.622395833333,102.105263157895,2,95.7385429728242,94.8081701194716,1.4291,1.3784,-0.048,-0.0711,0.120050846165137,0.120047301263982,0,0,0.359513220088442,0.109573414879339,1,1340,968,0,0,7.38,25.7166666666667,000f7c9
NACA_2412_cruise_s3,NACA_2412_cruise,3,NACA 2412,LDatCL,0.4,ga,1,1,71.3197058470536,84.8924696899238,84.8924696899238,19.0308746813641,104.622395833333,96.9961977186312,2.5,95.7385429728242,82.8910183932787,1.4291,1.3399,-0.048,-0.0671,0.120050846165137,0.120054188651952,0,0,0.371085549226311,0.0989157834129282,1,1262,672,0,0,8.96,24.1333333333333,000f7c9
NACA_2412_loiter_s1,NACA_2412_loiter,1,NACA 2412,endurance,0.5,ga,1,1,94.9996402858559,144.706437795591,150.364199307451,58.2787038508794,104.622395833333,136.528735632184,7,95.7385429728242,150.364199307451,1.4291,1.3979,-0.048,-0.0511,0.120050846165137,0.124043909722076,0,0,0.252080525891461,0.0840485038109846,1,1321,964,0.4149377593361,3.33333333333333,9.395,33.15,000f7c9
NACA_2412_loiter_s2,NACA_2412_loiter,2,NACA 2412,endurance,0.5,ga,1,1,94.9996402858559,139.555772899868,139.555772899868,46.901369815656,104.622395833333,127.707006369427,7.5,95.7385429728242,140.070777142973,1.4291,1.3871,-0.048,-0.031,0.120050846165137,0.126841470896478,0,0,0.429798612338944,0.0302942673345939,1,1366,1057,0,0,8.36,35.25,000f7c9
NACA_2412_loiter_s3,NACA_2412_loiter,3,NACA 2412,endurance,0.5,ga,1,1,94.9996402858559,146.168910480461,146.168910480461,53.8625936273393,104.622395833333,132.108843537415,7,95.7385429728242,146.519884239492,1.4291,1.4761,-0.048,-0.0478,0.120050846165137,0.125612938788596,0,0,0.287092534896746,0.0536162371083436,1,1474,1007,0.198609731876862,6.66666666666667,8.69,38.1166666666667,000f7c9
NACA_2412_keepclmax_s1,NACA_2412_keepclmax,1,NACA 2412,LDmax,0.5,ga,1,1,104.116883116883,128.236607142857,133.766871165644,28.4775985999078,104.622395833333,133.831089351285,6.5,95.7385429728242,141.66853252669,1.4291,1.4427,-0.048,-0.039,0.120050846165137,0.123397741403393,0,0,0.25591448230718,0.0840485038109846,1,1351,918,12.4183006535948,83.3333333333333,10.82,39.3833333333333,000f7c9
