design,original,Re,Ncrit,LDmax,E15max,LD_at_CL_0p4,LD_at_CL_1p0,CLmax,LDmax_gain_percent,E15_gain_percent
NACA 2412,NACA 2412,1000000,5,87.8666666666667,86.6427720388554,60.6886173447795,84.83704484672,1.4728,0,0
NACA 2412,NACA 2412,1000000,7,96.3646922183508,88.8803568224409,68.0264904872,87.5986117852225,1.454,0,0
NACA 2412,NACA 2412,1000000,9,104.622395833333,95.7385429728242,71.5317372835789,90.4172375518655,1.4291,0,0
NACA 2412,NACA 2412,1000000,11,110.215053763441,101.131001229713,73.4338915172191,93.5484896113333,1.3974,0,0
NACA 2412,NACA 2412,500000,9,89.9892125134844,82.8209262542038,57.8948231292474,76.3744502480364,1.2855,0,0
NACA 2412,NACA 2412,2000000,9,111.233082706767,106.537900072911,78.8908152269058,105.007905107516,1.5898,0,0
NACA 2412 optimised,NACA 2412,1000000,5,131.377091377091,134.750633410463,64.2750464623382,130.754876813683,1.3817,49.5186927660372,55.5243792869806
NACA 2412 optimised,NACA 2412,1000000,7,137.65006385696,142.904369065595,70.9083514736812,136.879621121598,1.3815,42.8428407627371,60.7828480606567
NACA 2412 optimised,NACA 2412,1000000,9,141.56862745098,149.377544773029,71.2558827892777,138.675251064139,1.3705,35.3138841099601,56.0265491145299
NACA 2412 optimised,NACA 2412,1000000,11,143.826530612245,153.702445799071,69.8687804910087,139.252742230941,1.376,30.4962667994027,51.9835104271782
NACA 2412 optimised,NACA 2412,500000,9,113.261538461538,121.766728101573,53.1373438344145,109.362429998395,1.3281,25.8612396953322,47.0241080470798
NACA 2412 optimised,NACA 2412,2000000,9,164.9177877429,173.226491561105,86.4081404841639,162.324710806934,1.4294,48.2632538178024,62.5961197306823
NACA 0012,NACA 0012,1000000,5,75.3176302640971,77.8578939388349,51.1153059936596,74.7450899395672,1.3645,0,0
NACA 0012,NACA 0012,1000000,7,76.1275964391691,77.2245113880176,54.2105890741865,76.0318521925046,1.3402,0,0
NACA 0012,NACA 0012,1000000,9,76.4720194647202,75.9911097626133,56.2775554544631,75.7229561984605,1.308,0,0
NACA 0012,NACA 0012,1000000,11,76.4907872696817,74.3189857869358,57.4518274216621,74.0528409926549,1.259,0,0
NACA 0012,NACA 0012,500000,9,62.9325058184639,57.7836765380762,47.0733729635992,55.8381780562853,1.1573,0,0
NACA 0012,NACA 0012,2000000,9,90.6234203875316,96.6450476127555,64.0998148840312,89.1779998823401,1.478,0,0
NACA 0012 optimised,NACA 0012,1000000,5,101.115241635688,92.2763297318575,65.5352291532938,86.974196107476,1.3778,34.2517565689902,18.5189131937601
NACA 0012 optimised,NACA 0012,1000000,7,110.733173076923,106.286542687279,66.3171375426597,96.2639942470599,1.3739,45.4573351273556,37.6331695428123
NACA 0012 optimised,NACA 0012,1000000,9,118.55,115.450902166246,65.5558659342432,111.761737670125,1.3549,55.0240216353802,51.9268537160462
NACA 0012 optimised,NACA 0012,1000000,11,122.16944801027,121.094182438333,63.9428973579616,120.553670025771,1.3251,59.7178593279994,62.9384216645476
NACA 0012 optimised,NACA 0012,500000,9,98.4295845997974,97.8462725082527,49.7677167834093,97.61376256722,1.2026,56.404998211463,69.3320300306222
NACA 0012 optimised,NACA 0012,2000000,9,128.421052631579,119.714668670333,82.8914810202899,109.11330188848,1.4886,41.7084591184198,23.8704637510392
NACA 4412,NACA 4412,1000000,5,119.616908850727,116.849058450244,52.0928680886951,116.554537304216,1.5527,0,0
NACA 4412,NACA 4412,1000000,7,125.508155583438,126.548093949752,55.5559006544461,125.506797025796,1.5438,0,0
NACA 4412,NACA 4412,1000000,9,129.600515463918,133.548009639554,58.4505807153543,129.447574354234,1.526,0,0
NACA 4412,NACA 4412,1000000,11,132.783375314861,139.137986227731,61.1780313553771,131.449202544291,1.5026,0,0
NACA 4412,NACA 4412,500000,9,105.918560606061,112.378565091465,52.4658514425027,105.196890149967,1.3908,0,0
NACA 4412,NACA 4412,2000000,9,152.519440124417,152.339938213567,64.6950860952037,151.641484201364,1.6625,0,0
NACA 4412 optimised,NACA 4412,1000000,5,139.8,133.265408670067,66.3143127235296,91.0236701173506,1.4946,16.8731087796798,14.0491934103293
NACA 4412 optimised,NACA 4412,1000000,7,167.665505226481,164.483193393975,68.2511636768225,107.045291219157,1.5,33.5893308662453,29.9768240359955
NACA 4412 optimised,NACA 4412,1000000,9,176.852517985612,175.369582136649,67.7881858090776,169.36207949428,1.5005,36.4597334760212,31.3157587372301
NACA 4412 optimised,NACA 4412,1000000,11,180.561594202899,181.103423051094,66.0518672730339,180.369733881285,1.4939,35.9820789121706,30.1610206968768
NACA 4412 optimised,NACA 4412,500000,9,134.392764857881,137.067443760511,46.2442546203245,130.62387192909,1.4129,26.8831110325637,21.9693841516405
NACA 4412 optimised,NACA 4412,2000000,9,207.172413793103,196.671992474829,83.7626234929647,131.22950827344,1.5715,35.833447607796,29.1007432332758
NACA 23012,NACA 23012,1000000,5,93.7233134073442,98.8367353728359,53.7431577716938,92.7353102779428,1.4674,0,0
NACA 23012,NACA 23012,1000000,7,97.7161055505005,102.446667575176,55.0760133225713,95.7379815087829,1.4691,0,0
NACA 23012,NACA 23012,1000000,9,98.8511029411764,104.343644032943,55.6866462732075,97.3918664313904,1.4621,0,0
NACA 23012,NACA 23012,1000000,11,98.8563829787234,105.725873563176,55.8012466150606,97.7010250975922,1.449,0,0
NACA 23012,NACA 23012,500000,9,77.35781137509,82.0582603334867,45.3701219470088,76.7321815310335,1.3486,0,0
NACA 23012,NACA 23012,2000000,9,114.897760467381,124.810915088766,66.2942058137944,112.212245321009,1.5797,0,0
NACA 23012 optimised,NACA 23012,1000000,5,122.382762991128,123.852658067946,66.1838070020594,122.350505609651,1.3684,30.5787840206022,25.3103490324158
NACA 23012 optimised,NACA 23012,1000000,7,129.064837905237,131.310391021298,65.9653711481394,128.949046698065,1.3817,32.0814385490785,28.1743897867065
NACA 23012 optimised,NACA 23012,1000000,9,132.461734693878,136.787838497983,64.9861901604889,130.63813708848,1.3873,34.0012713593108,31.093599198814
NACA 23012 optimised,NACA 23012,1000000,11,134.528535980149,141.607731535991,62.9956673621342,131.298221469518,1.3894,36.0848252045628,33.9385779124102
NACA 23012 optimised,NACA 23012,500000,9,106.550724637681,112.99849184138,49.0013320584991,102.847654543469,1.2504,37.737511886216,37.7052004053604
NACA 23012 optimised,NACA 23012,2000000,9,152.213622291022,154.908287511277,83.1939609981128,152.023662906685,1.4425,32.4774492312536,24.1143752540442
CLARK Y,CLARK Y,1000000,5,108.646934460888,110.146774418373,52.3652190425447,108.013519254774,1.5735,0,0
CLARK Y,CLARK Y,1000000,7,112.168049792531,117.165204388301,57.397882307084,111.285085284152,1.5495,0,0
CLARK Y,CLARK Y,1000000,9,114.777327935223,122.558783285451,63.3633265034683,112.979994639914,1.5228,0,0
CLARK Y,CLARK Y,1000000,11,120.726978998384,126.671278364771,71.820883558586,114.605373586483,1.4944,0,0
CLARK Y,CLARK Y,500000,9,98.3479349186483,102.875103266291,60.9915563863378,94.0584605258614,1.4329,0,0
CLARK Y,CLARK Y,2000000,9,134.249037227214,139.624901280902,66.159628128263,133.926281377327,1.6616,0,0
CLARK Y optimised,CLARK Y,1000000,5,160.100143061516,169.365975494161,50.5794605234829,156.401291050591,1.5933,47.3581779881247,53.7638994773053
CLARK Y optimised,CLARK Y,1000000,7,168.278443113772,181.242425108883,50.5699289943048,159.239340970208,1.5966,50.0235079641882,54.6896333729099
CLARK Y optimised,CLARK Y,1000000,9,172.825768667643,187.768655933009,50.1572067767706,159.280800930002,1.5917,50.5748319608739,53.2070169917385
CLARK Y optimised,CLARK Y,1000000,11,175.74679943101,195.347923700013,48.97811983897,156.969461889255,1.5769,45.5737573234246,54.2164302924901
CLARK Y optimised,CLARK Y,500000,9,136.438502673797,154.103045770159,39.2320929483775,116.322148875061,1.4851,38.7304194914274,49.7962489245474
CLARK Y optimised,CLARK Y,2000000,9,207.230769230769,220.240609106393,60.6633439631345,201.221589159612,1.6638,54.3629462906571,57.7373427561511
NACA 2412 without curvature limits,NACA 2412,1000000,5,135.535714285714,135.530781189882,59.4408009510885,134.905910187694,1.4706,54.2515716453501,56.4247980536708
NACA 2412 without curvature limits,NACA 2412,1000000,7,141.621253405995,145.114268798393,65.7561818748408,141.241364795709,1.4706,46.9638413674356,63.2692239166997
NACA 2412 without curvature limits,NACA 2412,1000000,9,145.882352941176,152.389462804035,64.5549297000212,143.418215107948,1.4601,39.4370218529229,59.1725318477968
NACA 2412 without curvature limits,NACA 2412,1000000,11,149.059945504087,158.656810079596,67.3829632752483,144.219107329518,1.4324,35.2446334817572,56.8824674436047
NACA 2412 without curvature limits,NACA 2412,500000,9,117.03125,125.89764671386,52.6034007828203,110.369762023229,1.3394,30.0503101774155,52.0118796153522
NACA 2412 without curvature limits,NACA 2412,2000000,9,171.359570661896,175.126109321474,75.2669106728024,170.943924462178,1.5591,54.0545011358131,64.3791638483806
NACA 2412 cruise,NACA 2412,1000000,5,85.4603174603175,78.7416621355537,62.0246060679886,76.3467222721881,1.4509,-2.7386371847677,-9.11917949688689
NACA 2412 cruise,NACA 2412,1000000,7,92.7474747474747,88.8731836773114,81.4699237542211,78.431941292428,1.4156,-3.75367511440792,-0.00807056292972952
NACA 2412 cruise,NACA 2412,1000000,9,102.124756335283,94.7777389945584,85.1599346183789,81.2982877867747,1.3806,-2.38728952645043,-1.00357071293481
NACA 2412 cruise,NACA 2412,1000000,11,110.880829015544,98.7179683077198,83.0802737117312,88.4733445366133,1.3481,0.60406925312777,-2.38604670442479
NACA 2412 cruise,NACA 2412,500000,9,99.391979301423,87.1197771556258,56.4803259462957,67.0637259852006,1.2522,10.4487710530078,5.19053709714317
NACA 2412 cruise,NACA 2412,2000000,9,106.384615384615,99.3147717542746,94.7950868718613,98.154808636769,1.5408,-4.35883570262373,-6.77986736522234
NACA 2412 loiter,NACA 2412,1000000,5,130.095351609058,137.589351884752,59.9683422890319,125.646088747862,1.3704,48.0599601013563,58.8007269931868
NACA 2412 loiter,NACA 2412,1000000,7,133.774912075029,144.664638710216,64.1548858780006,128.396690722739,1.3958,38.8215008998436,62.7633415100003
NACA 2412 loiter,NACA 2412,1000000,9,136.494252873563,150.493445055307,63.0658060180889,128.122240188183,1.4115,30.4637040533871,57.1921196858256
NACA 2412 loiter,NACA 2412,1000000,11,138.584269662921,154.897767067637,61.0838876355609,126.189203775035,1.4195,25.7398739380652,53.1654637886914
NACA 2412 loiter,NACA 2412,500000,9,108.192875760209,122.524666975086,47.5706874934113,98.5446742345351,1.3306,20.2287171298409,47.9392618708687
NACA 2412 loiter,NACA 2412,2000000,9,162.075471698113,174.379409811595,79.7108045464676,153.912095444635,1.4469,45.7079744210427,63.6782869685393
NACA 2412 weighted,NACA 2412,1000000,5,118.253333333333,111.365512228597,71.134743912155,83.0893471279417,1.3562,34.5827010622155,28.5341057401239
NACA 2412 weighted,NACA 2412,1000000,7,127.980769230769,127.76307493732,73.2840961122211,126.353750505292,1.3555,32.8087770371126,43.7472569924039
NACA 2412 weighted,NACA 2412,1000000,9,137.468175388967,137.287381795262,71.9336975443141,136.784513712601,1.3461,31.3945970114835,43.3982360001364
NACA 2412 weighted,NACA 2412,1000000,11,141.361111111111,142.613675673279,69.7106855352431,141.067785262086,1.3461,28.2593495934959,41.0187518556653
NACA 2412 weighted,NACA 2412,500000,9,112.863387978142,114.693860629136,52.8762955806404,112.486939465698,1.2834,25.418797237758,38.4841558969097
NACA 2412 weighted,NACA 2412,2000000,9,148.828382838284,141.339957445712,93.2171885457892,102.242735979306,1.405,33.7986678213583,32.6663631899852
NACA 2412 PARSEC design (earlier),NACA 2412,1000000,5,119.2,110.811130704456,52.2611808611733,88.4434073976742,1.6002,35.660091047041,27.8942583401671
NACA 2412 PARSEC design (earlier),NACA 2412,1000000,7,153.121951219512,148.591422339452,50.729957294673,147.251455539309,1.582,58.8983970109678,67.1813971632649
NACA 2412 PARSEC design (earlier),NACA 2412,1000000,9,182.51256281407,190.51374347635,48.0958370598946,168.874612927679,1.5525,74.4488465976429,98.9937778042308
NACA 2412 PARSEC design (earlier),NACA 2412,1000000,11,188.373287671233,197.576551008531,44.3833565306571,174.992793423325,1.5166,70.9143000334113,95.3669484194543
NACA 2412 PARSEC design (earlier),NACA 2412,500000,9,134.372801875733,143.860503186129,29.3291495848653,118.525484093906,1.4193,49.3210109551717,73.7006692542598
NACA 2412 PARSEC design (earlier),NACA 2412,2000000,9,182.42,174.218262941748,63.9265795877801,146.386077236893,1.6983,63.997972150872,63.5270291816514
