run,setting,mesh,alpha,iterations,CL,CD,CL_mean,CD_mean,CL_range,CD_range,steady,res_continuity,res_x_velocity,res_y_velocity,res_energy,res_k,res_omega
r01A,A,medium,10,3363,1.0756824,0.01283746,1.07568454,0.0128377356,6.69999999991511e-06,1.68999999999864e-06,1,0.084691,2.0146e-08,3.4547e-08,4.0049e-10,8.7874e-07,1.2889e-06
r02B,B,medium,10,3400,1.0757012,0.012836324,1.07570742,0.0128352302,8.90000000008939e-06,1.59100000000044e-06,1,0.0047107,3.2037e-09,2.1294e-09,4.2872e-10,6.3518e-08,4.7976e-08
r03A,A,medium,0,3289,-2.8488604e-08,0.0081215376,-1.127602693e-08,0.00812154018,6.0465356e-08,9.59999999980421e-09,1,0.0030075,2.504e-10,3.6937e-10,5.0803e-12,4.3305e-09,1.52e-07
r04A,A,coarse,10,3399,1.0747098,0.01307458,1.0747098,0.0130745802,0,9.99999999473644e-10,1,3.4407e-07,8.8676e-13,3.2943e-12,1.8415e-14,6.9554e-09,1.7261e-08
r05A,A,fine,10,3400,1.0593787,0.012356637,1.06200337,0.014013551,0.0193141999999999,0.00386729,0,272.96,4.7721e-05,4.836e-05,1.2961e-06,0.00050005,0.0016363
r06B,B,coarse,10,3400,1.0747283,0.013073014,1.07473406,0.0130719841,8.59999999991423e-06,1.51100000000091e-06,1,0.0045192,2.8618e-09,2.4723e-09,4.939e-10,2.1672e-07,1.498e-07
r07B,B,fine,10,3400,1.0749305,0.012738655,1.07493572,0.0127377114,7.49999999993811e-06,1.28299999999949e-06,1,0.0054116,3.2737e-09,1.9022e-09,4.3791e-10,2.3591e-08,1.0742e-08
r08A,A,medium,15,3400,0.69268862,0.27902201,0.663273195,0.252608841,0.42275543,0.16527666,0,0.30828,5.7686e-07,3.494e-07,4.2946e-08,0.0094665,0.0025648
r09B,B,medium,15,3400,1.495468,0.023391819,1.49546342,0.023391766,1.24999999999709e-05,2.08200000000047e-06,1,0.0012463,1.4875e-09,1.8297e-09,5.0325e-10,1.0448e-07,4.7378e-08
r10C,C,medium,10,1863,1.0756851,0.012837177,1.07568546,0.0128376023,6.60000000007877e-06,1.7879999999991e-06,1,0.11541,4.898e-08,3.54e-08,6.3348e-10,5.6791e-07,1.5171e-06
r10C,C,medium,12,3363,1.2644873,0.015746378,1.26448368,0.0157455976,1.03000000000186e-05,2.43999999999939e-06,1,0.10346,4.3531e-08,3.9919e-08,6.118e-10,7.5112e-07,1.4749e-06
r10C,C,medium,14,4863,1.428486,0.020193704,1.42848439,0.0201930058,2.89999999991686e-06,2.34199999999893e-06,1,0.098472,3.7766e-08,2.5146e-08,4.9694e-10,6.3865e-07,8.0786e-07
r10C,C,medium,15,6363,1.4954457,0.02339474,1.49544714,0.0233949364,1.08999999999249e-05,2.45100000000054e-06,1,0.10405,4.7417e-08,3.1692e-08,5.9329e-10,5.153e-07,8.7826e-07
r11D,D,medium,10,1900,1.0756603,0.012837306,1.07576592,0.012820855,0.000242000000000075,3.72989999999993e-05,0,0.0099645,1.0248e-08,1.152e-08,1.3993e-09,1.2382e-06,7.4644e-07
r11D,D,medium,12,3400,1.2548243,0.017159491,1.27948011,0.01113124267,0.0478759000000002,0.0118469219,0,1.2561,2.118e-06,3.6852e-06,3.3137e-07,4.915e-05,2.4769e-06
r11D,D,medium,14,4900,1.4201646,0.021769174,1.4423657,0.01501037075,0.0423922999999999,0.0133308364,0,0.47989,1.7089e-06,3.219e-06,2.5616e-07,5.7147e-05,9.0448e-07
r11D,D,medium,15,6400,1.4927392,0.024091379,1.50224534,0.0206248759,0.0180098,0.006835006,0,0.30751,8.447e-07,1.5284e-06,1.1188e-07,3.1889e-05,3.835e-07
r12F,F,fine,10,3400,1.0192385,0.017973791,1.03964714,0.0174523888,0.0396214000000001,0.006624451,0,655.53,0.0001218,0.00014918,3.6334e-06,0.0020901,0.027033
r13H,H,medium,0,800,2.3891655e-06,0.0081168075,3.629338325e-06,0.0081170940125,4.9161817e-06,1.73409999999936e-06,1,0.0032717,2.9121e-09,1.7673e-09,1.0857e-10,5.8202e-06,1.6128e-05
