run,setting,mesh,alpha,iteration,order,CL,CD
r01A,A,medium,10,363,1,0.96703624,0.03522619
r01A,A,medium,10,413,2,1.0765259,0.012805306
r01A,A,medium,10,463,2,1.0757017,0.012837921
r01A,A,medium,10,513,2,1.0756836,0.012838572
r01A,A,medium,10,563,2,1.0756808,0.012837105
r01A,A,medium,10,613,2,1.0756843,0.012838195
r01A,A,medium,10,663,2,1.0756863,0.012838175
r01A,A,medium,10,713,2,1.0756809,0.012836712
r01A,A,medium,10,763,2,1.0756852,0.012838193
r01A,A,medium,10,813,2,1.0756872,0.012838392
r01A,A,medium,10,863,2,1.0756821,0.012836815
r01A,A,medium,10,913,2,1.0756867,0.012838263
r01A,A,medium,10,963,2,1.0756877,0.012838291
r01A,A,medium,10,1013,2,1.0756823,0.01283746
r01A,A,medium,10,1063,2,1.0756873,0.012838383
r01A,A,medium,10,1113,2,1.0756879,0.012837935
r01A,A,medium,10,1163,2,1.0756811,0.012837357
r01A,A,medium,10,1213,2,1.0756864,0.01283844
r01A,A,medium,10,1263,2,1.0756872,0.012837822
r01A,A,medium,10,1313,2,1.0756823,0.012836911
r01A,A,medium,10,1363,2,1.0756868,0.012838484
r01A,A,medium,10,1413,2,1.0756873,0.012837671
r01A,A,medium,10,1463,2,1.0756822,0.012836913
r01A,A,medium,10,1513,2,1.0756863,0.01283833
r01A,A,medium,10,1563,2,1.0756852,0.012837352
r01A,A,medium,10,1613,2,1.0756831,0.012837128
r01A,A,medium,10,1663,2,1.0756877,0.012838405
r01A,A,medium,10,1713,2,1.0756857,0.012837211
r01A,A,medium,10,1763,2,1.0756832,0.012837135
r01A,A,medium,10,1813,2,1.0756888,0.012838701
r01A,A,medium,10,1863,2,1.0756851,0.012837177
r01A,A,medium,10,1913,2,1.0756825,0.01283692
r01A,A,medium,10,1963,2,1.0756877,0.012838681
r01A,A,medium,10,2013,2,1.0756837,0.01283711
r01A,A,medium,10,2063,2,1.0756822,0.012836977
r01A,A,medium,10,2113,2,1.0756877,0.012838587
r01A,A,medium,10,2163,2,1.0756836,0.012837046
r01A,A,medium,10,2213,2,1.0756821,0.012837031
r01A,A,medium,10,2263,2,1.0756872,0.012837932
r01A,A,medium,10,2313,2,1.0756828,0.012836949
r01A,A,medium,10,2363,2,1.075682,0.012837423
r01A,A,medium,10,2413,2,1.0756884,0.012838021
r01A,A,medium,10,2463,2,1.0756837,0.012836903
r01A,A,medium,10,2513,2,1.0756827,0.012837543
r01A,A,medium,10,2563,2,1.0756873,0.012838455
r01A,A,medium,10,2613,2,1.0756839,0.012837063
r01A,A,medium,10,2663,2,1.0756824,0.012837698
r01A,A,medium,10,2713,2,1.0756864,0.01283826
r01A,A,medium,10,2763,2,1.0756825,0.012837039
r01A,A,medium,10,2813,2,1.0756841,0.012838054
r01A,A,medium,10,2863,2,1.0756863,0.012838252
r01A,A,medium,10,2913,2,1.0756821,0.01283697
r01A,A,medium,10,2963,2,1.0756847,0.01283814
r01A,A,medium,10,3013,2,1.0756864,0.012838168
r01A,A,medium,10,3063,2,1.075681,0.012836704
r01A,A,medium,10,3113,2,1.0756852,0.012838173
r01A,A,medium,10,3163,2,1.0756872,0.012838394
r01A,A,medium,10,3213,2,1.0756821,0.012836806
r01A,A,medium,10,3263,2,1.0756866,0.012838243
r01A,A,medium,10,3313,2,1.0756877,0.012838298
r01A,A,medium,10,3363,2,1.0756824,0.01283746
r02B,B,medium,10,400,1,0.96563757,0.035453691
r02B,B,medium,10,450,2,1.0658152,0.013985317
r02B,B,medium,10,500,2,1.0734057,0.013327417
r02B,B,medium,10,550,2,1.0735974,0.013191406
r02B,B,medium,10,600,2,1.0740882,0.013117938
r02B,B,medium,10,650,2,1.0744626,0.013060483
r02B,B,medium,10,700,2,1.0746742,0.01301886
r02B,B,medium,10,750,2,1.0748904,0.012982398
r02B,B,medium,10,800,2,1.0750655,0.012950854
r02B,B,medium,10,850,2,1.0752251,0.012922003
r02B,B,medium,10,900,2,1.0753729,0.012895025
r02B,B,medium,10,950,2,1.0755104,0.012870142
r02B,B,medium,10,1000,2,1.0756383,0.012847517
r02B,B,medium,10,1050,2,1.0757527,0.012827634
r02B,B,medium,10,1100,2,1.0758482,0.012811209
r02B,B,medium,10,1150,2,1.0759204,0.012798936
r02B,B,medium,10,1200,2,1.0759662,0.012791151
r02B,B,medium,10,1250,2,1.075986,0.012787709
r02B,B,medium,10,1300,2,1.0759837,0.012787862
r02B,B,medium,10,1350,2,1.0759652,0.012790568
r02B,B,medium,10,1400,2,1.0759363,0.012794899
r02B,B,medium,10,1450,2,1.0759023,0.012800007
r02B,B,medium,10,1500,2,1.0758669,0.012805364
r02B,B,medium,10,1550,2,1.0758321,0.012810655
r02B,B,medium,10,1600,2,1.0757992,0.012815672
r02B,B,medium,10,1650,2,1.0757688,0.012820326
r02B,B,medium,10,1700,2,1.0757412,0.012824555
r02B,B,medium,10,1750,2,1.0757167,0.012828333
r02B,B,medium,10,1800,2,1.0756952,0.012831679
r02B,B,medium,10,1850,2,1.0756765,0.012834653
r02B,B,medium,10,1900,2,1.0756603,0.012837306
r02B,B,medium,10,1950,2,1.0756466,0.012839667
r02B,B,medium,10,2000,2,1.0756351,0.012841753
r02B,B,medium,10,2050,2,1.0756261,0.01284355
r02B,B,medium,10,2100,2,1.0756196,0.012845015
r02B,B,medium,10,2150,2,1.0756159,0.012846091
r02B,B,medium,10,2200,2,1.075615,0.012846737
r02B,B,medium,10,2250,2,1.075617,0.012846938
r02B,B,medium,10,2300,2,1.0756217,0.012846704
r02B,B,medium,10,2350,2,1.0756286,0.012846073
r02B,B,medium,10,2400,2,1.0756372,0.012845112
r02B,B,medium,10,2450,2,1.0756469,0.012843913
r02B,B,medium,10,2500,2,1.0756568,0.012842575
r02B,B,medium,10,2550,2,1.0756666,0.012841196
r02B,B,medium,10,2600,2,1.0756755,0.012839865
r02B,B,medium,10,2650,2,1.0756834,0.012838651
r02B,B,medium,10,2700,2,1.07569,0.012837603
r02B,B,medium,10,2750,2,1.0756953,0.012836742
r02B,B,medium,10,2800,2,1.0756995,0.012836064
r02B,B,medium,10,2850,2,1.0757028,0.012835553
r02B,B,medium,10,2900,2,1.0757053,0.012835186
r02B,B,medium,10,2950,2,1.0757073,0.012834938
r02B,B,medium,10,3000,2,1.0757087,0.01283479
r02B,B,medium,10,3050,2,1.0757097,0.012834733
r02B,B,medium,10,3100,2,1.0757101,0.01283476
r02B,B,medium,10,3150,2,1.07571,0.012834868
r02B,B,medium,10,3200,2,1.0757093,0.012835048
r02B,B,medium,10,3250,2,1.075708,0.012835295
r02B,B,medium,10,3300,2,1.0757061,0.012835599
r02B,B,medium,10,3350,2,1.0757038,0.012835947
r02B,B,medium,10,3400,2,1.0757012,0.012836324
r03A,A,medium,0,289,1,-4.9136528e-10,0.011997201
r03A,A,medium,0,339,2,2.021658e-06,0.0081235189
r03A,A,medium,0,389,2,1.212562e-07,0.0081220963
r03A,A,medium,0,439,2,9.0939446e-09,0.0081216431
r03A,A,medium,0,489,2,-7.2054044e-09,0.0081215625
r03A,A,medium,0,539,2,2.0181126e-08,0.0081215539
r03A,A,medium,0,589,2,-1.9295439e-08,0.0081215474
r03A,A,medium,0,639,2,-8.56193e-09,0.0081215429
r03A,A,medium,0,689,2,-1.5588327e-09,0.0081215419
r03A,A,medium,0,739,2,-1.5883744e-08,0.008121545
r03A,A,medium,0,789,2,-3.2802339e-08,0.0081215391
r03A,A,medium,0,839,2,-1.831389e-08,0.0081215363
r03A,A,medium,0,889,2,1.5978527e-08,0.0081215372
r03A,A,medium,0,939,2,1.4219619e-09,0.0081215415
r03A,A,medium,0,989,2,-3.386845e-08,0.0081215382
r03A,A,medium,0,1039,2,-4.0691269e-08,0.0081215356
r03A,A,medium,0,1089,2,1.7381626e-08,0.0081215408
r03A,A,medium,0,1139,2,-2.7064905e-08,0.0081215386
r03A,A,medium,0,1189,2,-4.1526598e-08,0.0081215374
r03A,A,medium,0,1239,2,6.7280093e-09,0.0081215469
r03A,A,medium,0,1289,2,-1.0262359e-08,0.0081215414
r03A,A,medium,0,1339,2,-3.6753458e-08,0.0081215381
r03A,A,medium,0,1389,2,-2.9298973e-08,0.0081215347
r03A,A,medium,0,1439,2,1.1218951e-08,0.0081215455
r03A,A,medium,0,1489,2,-2.1397899e-09,0.0081215387
r03A,A,medium,0,1539,2,-6.5141677e-09,0.0081215429
r03A,A,medium,0,1589,2,-3.1282092e-08,0.0081215419
r03A,A,medium,0,1639,2,4.1568178e-09,0.0081215413
r03A,A,medium,0,1689,2,-3.4145782e-08,0.0081215379
r03A,A,medium,0,1739,2,-1.198447e-08,0.008121535
r03A,A,medium,0,1789,2,4.803708e-09,0.0081215448
r03A,A,medium,0,1839,2,-3.4980407e-08,0.0081215387
r03A,A,medium,0,1889,2,2.0613941e-08,0.0081215429
r03A,A,medium,0,1939,2,-3.5779281e-08,0.0081215369
r03A,A,medium,0,1989,2,3.343241e-10,0.0081215448
r03A,A,medium,0,2039,2,-1.1171541e-08,0.0081215412
r03A,A,medium,0,2089,2,-3.5252353e-08,0.0081215373
r03A,A,medium,0,2139,2,4.8138687e-09,0.0081215365
r03A,A,medium,0,2189,2,-1.8110702e-08,0.008121544
r03A,A,medium,0,2239,2,-4.1025286e-08,0.0081215388
r03A,A,medium,0,2289,2,2.0675131e-08,0.0081215427
r03A,A,medium,0,2339,2,-1.7257749e-08,0.0081215423
r03A,A,medium,0,2389,2,-2.5568807e-08,0.0081215366
r03A,A,medium,0,2439,2,-2.9872025e-08,0.0081215416
r03A,A,medium,0,2489,2,7.1927405e-09,0.0081215436
r03A,A,medium,0,2539,2,-2.8697348e-08,0.0081215372
r03A,A,medium,0,2589,2,1.438812e-08,0.008121546
r03A,A,medium,0,2639,2,-6.3820398e-09,0.0081215436
r03A,A,medium,0,2689,2,-3.7831453e-08,0.0081215386
r03A,A,medium,0,2739,2,-3.2487336e-08,0.0081215364
r03A,A,medium,0,2789,2,-2.8437322e-08,0.0081215377
r03A,A,medium,0,2839,2,-2.7789787e-08,0.0081215363
r03A,A,medium,0,2889,2,7.3530044e-09,0.0081215435
r03A,A,medium,0,2939,2,1.5631724e-08,0.0081215458
r03A,A,medium,0,2989,2,-6.0720381e-09,0.0081215436
r03A,A,medium,0,3039,2,-3.8435956e-08,0.0081215385
r03A,A,medium,0,3089,2,-3.6885226e-09,0.0081215385
r03A,A,medium,0,3139,2,-2.8375382e-08,0.0081215376
r03A,A,medium,0,3189,2,-2.4924108e-08,0.0081215362
r03A,A,medium,0,3239,2,2.20294e-08,0.0081215442
r03A,A,medium,0,3289,2,-2.8488604e-08,0.0081215376
r04A,A,coarse,10,399,1,0.94086601,0.042987707
r04A,A,coarse,10,449,2,1.0752697,0.013053194
r04A,A,coarse,10,499,2,1.0747133,0.013074119
r04A,A,coarse,10,549,2,1.0747103,0.013074572
r04A,A,coarse,10,599,2,1.0747096,0.013074608
r04A,A,coarse,10,649,2,1.0747097,0.013074586
r04A,A,coarse,10,699,2,1.0747098,0.013074581
r04A,A,coarse,10,749,2,1.0747098,0.01307458
r04A,A,coarse,10,799,2,1.0747098,0.01307458
r04A,A,coarse,10,849,2,1.0747098,0.01307458
r04A,A,coarse,10,899,2,1.0747098,0.01307458
r04A,A,coarse,10,949,2,1.0747098,0.01307458
r04A,A,coarse,10,999,2,1.0747098,0.01307458
r04A,A,coarse,10,1049,2,1.0747098,0.01307458
r04A,A,coarse,10,1099,2,1.0747098,0.01307458
r04A,A,coarse,10,1149,2,1.0747098,0.013074581
r04A,A,coarse,10,1199,2,1.0747098,0.013074581
r04A,A,coarse,10,1249,2,1.0747098,0.013074581
r04A,A,coarse,10,1299,2,1.0747098,0.013074581
r04A,A,coarse,10,1349,2,1.0747098,0.013074581
r04A,A,coarse,10,1399,2,1.0747098,0.013074581
r04A,A,coarse,10,1449,2,1.0747098,0.013074581
r04A,A,coarse,10,1499,2,1.0747098,0.013074581
r04A,A,coarse,10,1549,2,1.0747098,0.013074581
r04A,A,coarse,10,1599,2,1.0747098,0.013074581
r04A,A,coarse,10,1649,2,1.0747098,0.013074581
r04A,A,coarse,10,1699,2,1.0747098,0.013074581
r04A,A,coarse,10,1749,2,1.0747098,0.013074581
r04A,A,coarse,10,1799,2,1.0747098,0.013074581
r04A,A,coarse,10,1849,2,1.0747098,0.013074581
r04A,A,coarse,10,1899,2,1.0747098,0.013074581
r04A,A,coarse,10,1949,2,1.0747098,0.013074581
r04A,A,coarse,10,1999,2,1.0747098,0.013074581
r04A,A,coarse,10,2049,2,1.0747098,0.013074581
r04A,A,coarse,10,2099,2,1.0747098,0.013074581
r04A,A,coarse,10,2149,2,1.0747098,0.013074581
r04A,A,coarse,10,2199,2,1.0747098,0.013074581
r04A,A,coarse,10,2249,2,1.0747098,0.013074581
r04A,A,coarse,10,2299,2,1.0747098,0.013074581
r04A,A,coarse,10,2349,2,1.0747098,0.013074581
r04A,A,coarse,10,2399,2,1.0747098,0.013074581
r04A,A,coarse,10,2449,2,1.0747098,0.013074581
r04A,A,coarse,10,2499,2,1.0747098,0.013074581
r04A,A,coarse,10,2549,2,1.0747098,0.013074581
r04A,A,coarse,10,2599,2,1.0747098,0.013074581
r04A,A,coarse,10,2649,2,1.0747098,0.013074581
r04A,A,coarse,10,2699,2,1.0747098,0.013074581
r04A,A,coarse,10,2749,2,1.0747098,0.013074581
r04A,A,coarse,10,2799,2,1.0747098,0.013074581
r04A,A,coarse,10,2849,2,1.0747098,0.013074581
r04A,A,coarse,10,2899,2,1.0747098,0.013074581
r04A,A,coarse,10,2949,2,1.0747098,0.013074581
r04A,A,coarse,10,2999,2,1.0747098,0.013074581
r04A,A,coarse,10,3049,2,1.0747098,0.01307458
r04A,A,coarse,10,3099,2,1.0747098,0.01307458
r04A,A,coarse,10,3149,2,1.0747098,0.01307458
r04A,A,coarse,10,3199,2,1.0747098,0.01307458
r04A,A,coarse,10,3249,2,1.0747098,0.01307458
r04A,A,coarse,10,3299,2,1.0747098,0.01307458
r04A,A,coarse,10,3349,2,1.0747098,0.01307458
r04A,A,coarse,10,3399,2,1.0747098,0.01307458
r05A,A,fine,10,400,1,0.99090716,0.02930923
r05A,A,fine,10,450,2,1.0750339,0.012734332
r05A,A,fine,10,500,2,1.075241,0.012868811
r05A,A,fine,10,550,2,1.0654379,0.015677894
r05A,A,fine,10,600,2,1.0717463,0.01398745
r05A,A,fine,10,650,2,1.0547683,0.013359632
r05A,A,fine,10,700,2,1.0584453,0.012343016
r05A,A,fine,10,750,2,1.0627549,0.015747616
r05A,A,fine,10,800,2,1.0660477,0.014690873
r05A,A,fine,10,850,2,1.0661155,0.012623588
r05A,A,fine,10,900,2,1.0528678,0.013407836
r05A,A,fine,10,950,2,1.0620646,0.0148447
r05A,A,fine,10,1000,2,1.0619867,0.016217354
r05A,A,fine,10,1050,2,1.0724567,0.014140547
r05A,A,fine,10,1100,2,1.0553342,0.013544501
r05A,A,fine,10,1150,2,1.059333,0.012349977
r05A,A,fine,10,1200,2,1.0631968,0.015821162
r05A,A,fine,10,1250,2,1.066692,0.014788591
r05A,A,fine,10,1300,2,1.0665127,0.012703186
r05A,A,fine,10,1350,2,1.0530497,0.013406572
r05A,A,fine,10,1400,2,1.062251,0.014841975
r05A,A,fine,10,1450,2,1.0618703,0.016213677
r05A,A,fine,10,1500,2,1.0719851,0.014114155
r05A,A,fine,10,1550,2,1.0555466,0.01355587
r05A,A,fine,10,1600,2,1.059407,0.012361995
r05A,A,fine,10,1650,2,1.0633001,0.015830586
r05A,A,fine,10,1700,2,1.066865,0.014785151
r05A,A,fine,10,1750,2,1.0665346,0.012701498
r05A,A,fine,10,1800,2,1.0529632,0.013406198
r05A,A,fine,10,1850,2,1.0621832,0.014843415
r05A,A,fine,10,1900,2,1.0618207,0.016219896
r05A,A,fine,10,1950,2,1.0719332,0.014123691
r05A,A,fine,10,2000,2,1.0552966,0.013535644
r05A,A,fine,10,2050,2,1.059133,0.012355888
r05A,A,fine,10,2100,2,1.0628529,0.015763987
r05A,A,fine,10,2150,2,1.0666001,0.014793824
r05A,A,fine,10,2200,2,1.0665754,0.012710204
r05A,A,fine,10,2250,2,1.0526647,0.013405527
r05A,A,fine,10,2300,2,1.062347,0.014866132
r05A,A,fine,10,2350,2,1.0618887,0.016220102
r05A,A,fine,10,2400,2,1.071997,0.014122034
r05A,A,fine,10,2450,2,1.0553392,0.013542929
r05A,A,fine,10,2500,2,1.0593104,0.012358401
r05A,A,fine,10,2550,2,1.063206,0.015821034
r05A,A,fine,10,2600,2,1.0666056,0.014792718
r05A,A,fine,10,2650,2,1.066527,0.012702029
r05A,A,fine,10,2700,2,1.0527011,0.013409981
r05A,A,fine,10,2750,2,1.0623133,0.014872169
r05A,A,fine,10,2800,2,1.0618325,0.016221565
r05A,A,fine,10,2850,2,1.0719789,0.01411463
r05A,A,fine,10,2900,2,1.0555442,0.013555936
r05A,A,fine,10,2950,2,1.0594048,0.012362235
r05A,A,fine,10,3000,2,1.0632964,0.015830744
r05A,A,fine,10,3050,2,1.0668664,0.014780689
r05A,A,fine,10,3100,2,1.066247,0.012642802
r05A,A,fine,10,3150,2,1.0529598,0.013404449
r05A,A,fine,10,3200,2,1.0622217,0.014864917
r05A,A,fine,10,3250,2,1.061892,0.016223927
r05A,A,fine,10,3300,2,1.072274,0.014130657
r05A,A,fine,10,3350,2,1.0554929,0.013538453
r05A,A,fine,10,3400,2,1.0593787,0.012356637
r06B,B,coarse,10,400,1,0.9396403,0.043172451
r06B,B,coarse,10,450,2,1.0639976,0.014474048
r06B,B,coarse,10,500,2,1.0714092,0.013638508
r06B,B,coarse,10,550,2,1.0725494,0.013455721
r06B,B,coarse,10,600,2,1.0730506,0.013370256
r06B,B,coarse,10,650,2,1.0734007,0.013307964
r06B,B,coarse,10,700,2,1.0736686,0.01326208
r06B,B,coarse,10,750,2,1.0738829,0.013224953
r06B,B,coarse,10,800,2,1.0740701,0.013192019
r06B,B,coarse,10,850,2,1.0742357,0.013162501
r06B,B,coarse,10,900,2,1.0743858,0.013135716
r06B,B,coarse,10,950,2,1.0745221,0.013111515
r06B,B,coarse,10,1000,2,1.0746443,0.013089825
r06B,B,coarse,10,1050,2,1.0747498,0.013071189
r06B,B,coarse,10,1100,2,1.074835,0.013056127
r06B,B,coarse,10,1150,2,1.0748979,0.013044964
r06B,B,coarse,10,1200,2,1.0749387,0.013037603
r06B,B,coarse,10,1250,2,1.0749599,0.013033567
r06B,B,coarse,10,1300,2,1.0749644,0.013032322
r06B,B,coarse,10,1350,2,1.0749564,0.013033162
r06B,B,coarse,10,1400,2,1.0749392,0.013035545
r06B,B,coarse,10,1450,2,1.0749158,0.013039002
r06B,B,coarse,10,1500,2,1.0748887,0.013043099
r06B,B,coarse,10,1550,2,1.0748598,0.013047508
r06B,B,coarse,10,1600,2,1.0748306,0.013051976
r06B,B,coarse,10,1650,2,1.0748022,0.013056327
r06B,B,coarse,10,1700,2,1.0747752,0.01306046
r06B,B,coarse,10,1750,2,1.0747501,0.013064293
r06B,B,coarse,10,1800,2,1.0747273,0.013067818
r06B,B,coarse,10,1850,2,1.074707,0.013070986
r06B,B,coarse,10,1900,2,1.0746892,0.013073825
r06B,B,coarse,10,1950,2,1.0746742,0.013076315
r06B,B,coarse,10,2000,2,1.0746619,0.01307844
r06B,B,coarse,10,2050,2,1.0746525,0.01308018
r06B,B,coarse,10,2100,2,1.0746459,0.013081518
r06B,B,coarse,10,2150,2,1.0746424,0.013082438
r06B,B,coarse,10,2200,2,1.0746416,0.013082941
r06B,B,coarse,10,2250,2,1.0746434,0.013083051
r06B,B,coarse,10,2300,2,1.0746475,0.013082806
r06B,B,coarse,10,2350,2,1.0746534,0.013082255
r06B,B,coarse,10,2400,2,1.0746607,0.013081456
r06B,B,coarse,10,2450,2,1.074669,0.013080472
r06B,B,coarse,10,2500,2,1.0746777,0.013079373
r06B,B,coarse,10,2550,2,1.0746864,0.013078226
r06B,B,coarse,10,2600,2,1.0746949,0.013077087
r06B,B,coarse,10,2650,2,1.0747028,0.013075997
r06B,B,coarse,10,2700,2,1.07471,0.013074993
r06B,B,coarse,10,2750,2,1.0747164,0.013074098
r06B,B,coarse,10,2800,2,1.0747219,0.013073331
r06B,B,coarse,10,2850,2,1.0747265,0.013072699
r06B,B,coarse,10,2900,2,1.0747302,0.013072206
r06B,B,coarse,10,2950,2,1.0747331,0.013071847
r06B,B,coarse,10,3000,2,1.0747351,0.013071616
r06B,B,coarse,10,3050,2,1.0747364,0.013071505
r06B,B,coarse,10,3100,2,1.0747369,0.013071503
r06B,B,coarse,10,3150,2,1.0747367,0.013071597
r06B,B,coarse,10,3200,2,1.0747359,0.013071774
r06B,B,coarse,10,3250,2,1.0747346,0.013072018
r06B,B,coarse,10,3300,2,1.0747329,0.013072315
r06B,B,coarse,10,3350,2,1.0747307,0.013072652
r06B,B,coarse,10,3400,2,1.0747283,0.013073014
r07B,B,fine,10,400,1,0.98936173,0.02957294
r07B,B,fine,10,450,2,1.0698489,0.013564149
r07B,B,fine,10,500,2,1.0724451,0.013177615
r07B,B,fine,10,550,2,1.0731054,0.013063784
r07B,B,fine,10,600,2,1.0734834,0.012998222
r07B,B,fine,10,650,2,1.0737572,0.012950438
r07B,B,fine,10,700,2,1.0739784,0.012911464
r07B,B,fine,10,750,2,1.0741655,0.01287795
r07B,B,fine,10,800,2,1.0743291,0.012848189
r07B,B,fine,10,850,2,1.0744803,0.012820405
r07B,B,fine,10,900,2,1.0746236,0.012793689
r07B,B,fine,10,950,2,1.0747617,0.012768029
r07B,B,fine,10,1000,2,1.0748938,0.012744127
r07B,B,fine,10,1050,2,1.0750157,0.012722966
r07B,B,fine,10,1100,2,1.0751195,0.012705426
r07B,B,fine,10,1150,2,1.0751982,0.012692401
r07B,B,fine,10,1200,2,1.0752469,0.01268451
r07B,B,fine,10,1250,2,1.0752641,0.012681879
r07B,B,fine,10,1300,2,1.0752526,0.01268377
r07B,B,fine,10,1350,2,1.0752203,0.012688775
r07B,B,fine,10,1400,2,1.075177,0.012695358
r07B,B,fine,10,1450,2,1.0751315,0.012702168
r07B,B,fine,10,1500,2,1.0750884,0.01270858
r07B,B,fine,10,1550,2,1.0750494,0.012714409
r07B,B,fine,10,1600,2,1.0750148,0.012719641
r07B,B,fine,10,1650,2,1.0749844,0.012724309
r07B,B,fine,10,1700,2,1.0749584,0.012728364
r07B,B,fine,10,1750,2,1.0749362,0.012731864
r07B,B,fine,10,1800,2,1.0749177,0.01273484
r07B,B,fine,10,1850,2,1.0749021,0.012737412
r07B,B,fine,10,1900,2,1.074889,0.012739676
r07B,B,fine,10,1950,2,1.0748776,0.012741732
r07B,B,fine,10,2000,2,1.0748677,0.012743664
r07B,B,fine,10,2050,2,1.074859,0.012745484
r07B,B,fine,10,2100,2,1.074852,0.012747137
r07B,B,fine,10,2150,2,1.0748471,0.012748518
r07B,B,fine,10,2200,2,1.0748448,0.012749511
r07B,B,fine,10,2250,2,1.0748455,0.012750014
r07B,B,fine,10,2300,2,1.0748495,0.012749967
r07B,B,fine,10,2350,2,1.0748564,0.012749379
r07B,B,fine,10,2400,2,1.0748659,0.012748318
r07B,B,fine,10,2450,2,1.0748769,0.012746901
r07B,B,fine,10,2500,2,1.0748887,0.012745267
r07B,B,fine,10,2550,2,1.0749001,0.012743571
r07B,B,fine,10,2600,2,1.0749102,0.01274196
r07B,B,fine,10,2650,2,1.0749186,0.012740549
r07B,B,fine,10,2700,2,1.0749247,0.012739414
r07B,B,fine,10,2750,2,1.0749289,0.012738579
r07B,B,fine,10,2800,2,1.0749315,0.012738024
r07B,B,fine,10,2850,2,1.074933,0.012737695
r07B,B,fine,10,2900,2,1.0749339,0.012737525
r07B,B,fine,10,2950,2,1.0749347,0.01273744
r07B,B,fine,10,3000,2,1.0749356,0.012737395
r07B,B,fine,10,3050,2,1.0749366,0.012737372
r07B,B,fine,10,3100,2,1.0749375,0.012737375
r07B,B,fine,10,3150,2,1.074938,0.012737422
r07B,B,fine,10,3200,2,1.074938,0.012737526
r07B,B,fine,10,3250,2,1.0749372,0.012737701
r07B,B,fine,10,3300,2,1.0749357,0.012737952
r07B,B,fine,10,3350,2,1.0749334,0.012738276
r07B,B,fine,10,3400,2,1.0749305,0.012738655
r08A,A,medium,15,400,1,1.0044849,0.10376342
r08A,A,medium,15,450,2,0.81025071,0.21811991
r08A,A,medium,15,500,2,0.57690611,0.21884657
r08A,A,medium,15,550,2,0.43518095,0.21773457
r08A,A,medium,15,600,2,0.3952949,0.17508666
r08A,A,medium,15,650,2,0.35982805,0.16922569
r08A,A,medium,15,700,2,0.53334538,0.21358469
r08A,A,medium,15,750,2,1.0643815,0.18247669
r08A,A,medium,15,800,2,0.91973205,0.13535843
r08A,A,medium,15,850,2,0.75456137,0.11224921
r08A,A,medium,15,900,2,0.69122216,0.31753478
r08A,A,medium,15,950,2,0.72856894,0.31475384
r08A,A,medium,15,1000,2,0.28883387,0.21388181
r08A,A,medium,15,1050,2,0.5628753,0.20910213
r08A,A,medium,15,1100,2,0.66020203,0.23744692
r08A,A,medium,15,1150,2,0.69010333,0.24432163
r08A,A,medium,15,1200,2,0.82664628,0.22681426
r08A,A,medium,15,1250,2,0.74934314,0.22700068
r08A,A,medium,15,1300,2,0.68966794,0.22994827
r08A,A,medium,15,1350,2,0.69716971,0.24149637
r08A,A,medium,15,1400,2,0.65198518,0.2434581
r08A,A,medium,15,1450,2,0.45216101,0.21515634
r08A,A,medium,15,1500,2,0.32212162,0.14739136
r08A,A,medium,15,1550,2,0.34505181,0.14782203
r08A,A,medium,15,1600,2,0.31431399,0.15634216
r08A,A,medium,15,1650,2,0.3206041,0.15928813
r08A,A,medium,15,1700,2,0.34154023,0.17550398
r08A,A,medium,15,1750,2,0.31811095,0.16928668
r08A,A,medium,15,1800,2,0.36329498,0.15082314
r08A,A,medium,15,1850,2,0.31702443,0.16050386
r08A,A,medium,15,1900,2,0.33921076,0.17263591
r08A,A,medium,15,1950,2,0.33839379,0.17066
r08A,A,medium,15,2000,2,0.33148838,0.1744478
r08A,A,medium,15,2050,2,0.44636487,0.18283025
r08A,A,medium,15,2100,2,0.40997417,0.19944834
r08A,A,medium,15,2150,2,0.92196346,0.12037253
r08A,A,medium,15,2200,2,0.7836711,0.16736058
r08A,A,medium,15,2250,2,0.77348646,0.22690684
r08A,A,medium,15,2300,2,0.46927705,0.127024
r08A,A,medium,15,2350,2,0.78404305,0.1174351
r08A,A,medium,15,2400,2,0.53108005,0.17401276
r08A,A,medium,15,2450,2,0.41942514,0.17460895
r08A,A,medium,15,2500,2,0.34407639,0.15929725
r08A,A,medium,15,2550,2,0.29779557,0.19906523
r08A,A,medium,15,2600,2,0.25674173,0.16281302
r08A,A,medium,15,2650,2,0.30188726,0.14655932
r08A,A,medium,15,2700,2,0.97779618,0.2001773
r08A,A,medium,15,2750,2,0.97204859,0.22200052
r08A,A,medium,15,2800,2,0.70968056,0.23478721
r08A,A,medium,15,2850,2,0.91292742,0.22967515
r08A,A,medium,15,2900,2,0.94447248,0.2059904
r08A,A,medium,15,2950,2,0.45351577,0.22098997
r08A,A,medium,15,3000,2,0.3968972,0.2020189
r08A,A,medium,15,3050,2,0.81965263,0.15912834
r08A,A,medium,15,3100,2,0.5503404,0.2110347
r08A,A,medium,15,3150,2,0.68579849,0.22616764
r08A,A,medium,15,3200,2,0.75163114,0.324405
r08A,A,medium,15,3250,2,0.77765711,0.31325248
r08A,A,medium,15,3300,2,0.75488901,0.30309583
r08A,A,medium,15,3350,2,0.74966158,0.28697354
r08A,A,medium,15,3400,2,0.69268862,0.27902201
r09B,B,medium,15,400,1,1.1358261,0.087294532
r09B,B,medium,15,450,2,1.4501739,0.0300068
r09B,B,medium,15,500,2,1.4896372,0.025529936
r09B,B,medium,15,550,2,1.4927642,0.02448088
r09B,B,medium,15,600,2,1.493292,0.024151301
r09B,B,medium,15,650,2,1.493859,0.023964443
r09B,B,medium,15,700,2,1.4941507,0.023847725
r09B,B,medium,15,750,2,1.494421,0.023757689
r09B,B,medium,15,800,2,1.4946332,0.023685727
r09B,B,medium,15,850,2,1.4948055,0.02362387
r09B,B,medium,15,900,2,1.4949524,0.023568749
r09B,B,medium,15,950,2,1.4950821,0.023519485
r09B,B,medium,15,1000,2,1.4952002,0.023475715
r09B,B,medium,15,1050,2,1.4953099,0.023437096
r09B,B,medium,15,1100,2,1.4954097,0.023403916
r09B,B,medium,15,1150,2,1.4954956,0.023376713
r09B,B,medium,15,1200,2,1.4955635,0.02335604
r09B,B,medium,15,1250,2,1.4956121,0.023341815
r09B,B,medium,15,1300,2,1.4956424,0.023333233
r09B,B,medium,15,1350,2,1.4956577,0.023328823
r09B,B,medium,15,1400,2,1.495661,0.023327487
r09B,B,medium,15,1450,2,1.4956557,0.023328457
r09B,B,medium,15,1500,2,1.4956443,0.023331356
r09B,B,medium,15,1550,2,1.4956282,0.023335928
r09B,B,medium,15,1600,2,1.4956084,0.023341795
r09B,B,medium,15,1650,2,1.4955856,0.023348513
r09B,B,medium,15,1700,2,1.4955607,0.023355629
r09B,B,medium,15,1750,2,1.4955346,0.023362783
r09B,B,medium,15,1800,2,1.4955084,0.023369728
r09B,B,medium,15,1850,2,1.4954829,0.023376324
r09B,B,medium,15,1900,2,1.4954589,0.023382482
r09B,B,medium,15,1950,2,1.4954372,0.02338817
r09B,B,medium,15,2000,2,1.4954184,0.023393234
r09B,B,medium,15,2050,2,1.4954029,0.023397707
r09B,B,medium,15,2100,2,1.4953909,0.023401507
r09B,B,medium,15,2150,2,1.4953825,0.023404563
r09B,B,medium,15,2200,2,1.4953778,0.023406836
r09B,B,medium,15,2250,2,1.4953766,0.023408329
r09B,B,medium,15,2300,2,1.4953784,0.023409065
r09B,B,medium,15,2350,2,1.4953829,0.023409109
r09B,B,medium,15,2400,2,1.4953895,0.023408558
r09B,B,medium,15,2450,2,1.4953976,0.023407524
r09B,B,medium,15,2500,2,1.4954064,0.02340612
r09B,B,medium,15,2550,2,1.4954153,0.023404463
r09B,B,medium,15,2600,2,1.4954238,0.02340268
r09B,B,medium,15,2650,2,1.4954314,0.023400888
r09B,B,medium,15,2700,2,1.4954379,0.023399184
r09B,B,medium,15,2750,2,1.4954431,0.023397632
r09B,B,medium,15,2800,2,1.4954472,0.023396264
r09B,B,medium,15,2850,2,1.4954504,0.023395087
r09B,B,medium,15,2900,2,1.4954531,0.02339409
r09B,B,medium,15,2950,2,1.4954555,0.023393251
r09B,B,medium,15,3000,2,1.4954577,0.023392558
r09B,B,medium,15,3050,2,1.4954599,0.023392002
r09B,B,medium,15,3100,2,1.4954619,0.023391583
r09B,B,medium,15,3150,2,1.4954638,0.023391305
r09B,B,medium,15,3200,2,1.4954654,0.023391169
r09B,B,medium,15,3250,2,1.4954666,0.023391169
r09B,B,medium,15,3300,2,1.4954675,0.02339129
r09B,B,medium,15,3350,2,1.4954679,0.023391514
r09B,B,medium,15,3400,2,1.495468,0.023391819
r10C,C,medium,10,363,1,0.96703624,0.03522619
r10C,C,medium,10,413,2,1.0765259,0.012805306
r10C,C,medium,10,463,2,1.0757017,0.012837921
r10C,C,medium,10,513,2,1.0756836,0.012838572
r10C,C,medium,10,563,2,1.0756808,0.012837105
r10C,C,medium,10,613,2,1.0756843,0.012838195
r10C,C,medium,10,663,2,1.0756863,0.012838175
r10C,C,medium,10,713,2,1.0756809,0.012836712
r10C,C,medium,10,763,2,1.0756852,0.012838193
r10C,C,medium,10,813,2,1.0756872,0.012838392
r10C,C,medium,10,863,2,1.0756821,0.012836815
r10C,C,medium,10,913,2,1.0756867,0.012838263
r10C,C,medium,10,963,2,1.0756877,0.012838291
r10C,C,medium,10,1013,2,1.0756823,0.01283746
r10C,C,medium,10,1063,2,1.0756873,0.012838383
r10C,C,medium,10,1113,2,1.0756879,0.012837935
r10C,C,medium,10,1163,2,1.0756811,0.012837357
r10C,C,medium,10,1213,2,1.0756864,0.01283844
r10C,C,medium,10,1263,2,1.0756872,0.012837822
r10C,C,medium,10,1313,2,1.0756823,0.012836911
r10C,C,medium,10,1363,2,1.0756868,0.012838484
r10C,C,medium,10,1413,2,1.0756873,0.012837671
r10C,C,medium,10,1463,2,1.0756822,0.012836913
r10C,C,medium,10,1513,2,1.0756863,0.01283833
r10C,C,medium,10,1563,2,1.0756852,0.012837352
r10C,C,medium,10,1613,2,1.0756831,0.012837128
r10C,C,medium,10,1663,2,1.0756877,0.012838405
r10C,C,medium,10,1713,2,1.0756857,0.012837211
r10C,C,medium,10,1763,2,1.0756832,0.012837135
r10C,C,medium,10,1813,2,1.0756888,0.012838701
r10C,C,medium,10,1863,2,1.0756851,0.012837177
r10C,C,medium,12,1913,2,0.26152953,0.1276059
r10C,C,medium,12,1963,2,0.76754396,0.077147913
r10C,C,medium,12,2013,2,1.2701982,0.015770105
r10C,C,medium,12,2063,2,1.2641331,0.015751574
r10C,C,medium,12,2113,2,1.264462,0.015748004
r10C,C,medium,12,2163,2,1.2644765,0.015745917
r10C,C,medium,12,2213,2,1.2644871,0.015746748
r10C,C,medium,12,2263,2,1.2644782,0.015744358
r10C,C,medium,12,2313,2,1.264484,0.015746321
r10C,C,medium,12,2363,2,1.264484,0.015744983
r10C,C,medium,12,2413,2,1.2644872,0.015746388
r10C,C,medium,12,2463,2,1.2644802,0.015744785
r10C,C,medium,12,2513,2,1.2644829,0.015746129
r10C,C,medium,12,2563,2,1.2644853,0.015745109
r10C,C,medium,12,2613,2,1.2644842,0.015745849
r10C,C,medium,12,2663,2,1.2644831,0.015745372
r10C,C,medium,12,2713,2,1.2644802,0.015745301
r10C,C,medium,12,2763,2,1.2644878,0.015746015
r10C,C,medium,12,2813,2,1.2644806,0.015744605
r10C,C,medium,12,2863,2,1.2644848,0.015746431
r10C,C,medium,12,2913,2,1.2644812,0.015744958
r10C,C,medium,12,2963,2,1.2644876,0.015746495
r10C,C,medium,12,3013,2,1.2644801,0.01574459
r10C,C,medium,12,3063,2,1.2644843,0.015745832
r10C,C,medium,12,3113,2,1.2644817,0.015745363
r10C,C,medium,12,3163,2,1.2644888,0.015746777
r10C,C,medium,12,3213,2,1.2644785,0.015744337
r10C,C,medium,12,3263,2,1.2644831,0.01574622
r10C,C,medium,12,3313,2,1.2644842,0.015745026
r10C,C,medium,12,3363,2,1.2644873,0.015746378
r10C,C,medium,14,3413,2,0.71809069,0.20584361
r10C,C,medium,14,3463,2,0.57957869,0.14689229
r10C,C,medium,14,3513,2,0.33625129,0.17346993
r10C,C,medium,14,3563,2,0.88334515,0.19695774
r10C,C,medium,14,3613,2,0.86898644,0.10974781
r10C,C,medium,14,3663,2,0.26115979,0.20001354
r10C,C,medium,14,3713,2,0.59370315,0.22638678
r10C,C,medium,14,3763,2,0.36121906,0.17435587
r10C,C,medium,14,3813,2,0.64432117,0.21356748
r10C,C,medium,14,3863,2,0.80799893,0.1078388
r10C,C,medium,14,3913,2,0.35356931,0.2319523
r10C,C,medium,14,3963,2,1.3956474,0.025819276
r10C,C,medium,14,4013,2,1.4317961,0.019901617
r10C,C,medium,14,4063,2,1.4284463,0.020197141
r10C,C,medium,14,4113,2,1.4284775,0.020194756
r10C,C,medium,14,4163,2,1.4284824,0.020193393
r10C,C,medium,14,4213,2,1.4284831,0.020191924
r10C,C,medium,14,4263,2,1.4284887,0.02019426
r10C,C,medium,14,4313,2,1.428481,0.020191834
r10C,C,medium,14,4363,2,1.4284869,0.020193817
r10C,C,medium,14,4413,2,1.4284838,0.020193163
r10C,C,medium,14,4463,2,1.4284832,0.020191931
r10C,C,medium,14,4513,2,1.4284854,0.020194273
r10C,C,medium,14,4563,2,1.4284836,0.020191965
r10C,C,medium,14,4613,2,1.4284859,0.020193704
r10C,C,medium,14,4663,2,1.4284838,0.020193123
r10C,C,medium,14,4713,2,1.4284832,0.020191982
r10C,C,medium,14,4763,2,1.4284859,0.02019427
r10C,C,medium,14,4813,2,1.4284831,0.020191943
r10C,C,medium,14,4863,2,1.428486,0.020193704
r10C,C,medium,15,4913,2,1.2041203,0.029504861
r10C,C,medium,15,4963,2,1.4740243,0.023731258
r10C,C,medium,15,5013,2,1.4954096,0.023299575
r10C,C,medium,15,5063,2,1.4956655,0.023403653
r10C,C,medium,15,5113,2,1.4954265,0.023394415
r10C,C,medium,15,5163,2,1.4954503,0.023396134
r10C,C,medium,15,5213,2,1.4954478,0.023393854
r10C,C,medium,15,5263,2,1.4954477,0.023394406
r10C,C,medium,15,5313,2,1.495447,0.023395795
r10C,C,medium,15,5363,2,1.4954448,0.023393836
r10C,C,medium,15,5413,2,1.495448,0.023394655
r10C,C,medium,15,5463,2,1.4954489,0.023395589
r10C,C,medium,15,5513,2,1.4954473,0.023393911
r10C,C,medium,15,5563,2,1.4954495,0.023395404
r10C,C,medium,15,5613,2,1.4954476,0.02339596
r10C,C,medium,15,5663,2,1.4954459,0.023394383
r10C,C,medium,15,5713,2,1.4954499,0.023395512
r10C,C,medium,15,5763,2,1.4954464,0.023395596
r10C,C,medium,15,5813,2,1.4954438,0.023394405
r10C,C,medium,15,5863,2,1.4954497,0.023395746
r10C,C,medium,15,5913,2,1.495448,0.023395237
r10C,C,medium,15,5963,2,1.4954413,0.023393577
r10C,C,medium,15,6013,2,1.4954505,0.023395768
r10C,C,medium,15,6063,2,1.4954475,0.023395182
r10C,C,medium,15,6113,2,1.4954448,0.023393541
r10C,C,medium,15,6163,2,1.4954522,0.023395976
r10C,C,medium,15,6213,2,1.4954464,0.023395138
r10C,C,medium,15,6263,2,1.4954436,0.023394213
r10C,C,medium,15,6313,2,1.4954514,0.023395992
r10C,C,medium,15,6363,2,1.4954457,0.02339474
r11D,D,medium,10,400,1,0.96563757,0.035453691
r11D,D,medium,10,450,2,1.0658152,0.013985317
r11D,D,medium,10,500,2,1.0734057,0.013327417
r11D,D,medium,10,550,2,1.0735974,0.013191406
r11D,D,medium,10,600,2,1.0740882,0.013117938
r11D,D,medium,10,650,2,1.0744626,0.013060483
r11D,D,medium,10,700,2,1.0746742,0.01301886
r11D,D,medium,10,750,2,1.0748904,0.012982398
r11D,D,medium,10,800,2,1.0750655,0.012950854
r11D,D,medium,10,850,2,1.0752251,0.012922003
r11D,D,medium,10,900,2,1.0753729,0.012895025
r11D,D,medium,10,950,2,1.0755104,0.012870142
r11D,D,medium,10,1000,2,1.0756383,0.012847517
r11D,D,medium,10,1050,2,1.0757527,0.012827634
r11D,D,medium,10,1100,2,1.0758482,0.012811209
r11D,D,medium,10,1150,2,1.0759204,0.012798936
r11D,D,medium,10,1200,2,1.0759662,0.012791151
r11D,D,medium,10,1250,2,1.075986,0.012787709
r11D,D,medium,10,1300,2,1.0759837,0.012787862
r11D,D,medium,10,1350,2,1.0759652,0.012790568
r11D,D,medium,10,1400,2,1.0759363,0.012794899
r11D,D,medium,10,1450,2,1.0759023,0.012800007
r11D,D,medium,10,1500,2,1.0758669,0.012805364
r11D,D,medium,10,1550,2,1.0758321,0.012810655
r11D,D,medium,10,1600,2,1.0757992,0.012815672
r11D,D,medium,10,1650,2,1.0757688,0.012820326
r11D,D,medium,10,1700,2,1.0757412,0.012824555
r11D,D,medium,10,1750,2,1.0757167,0.012828333
r11D,D,medium,10,1800,2,1.0756952,0.012831679
r11D,D,medium,10,1850,2,1.0756765,0.012834653
r11D,D,medium,10,1900,2,1.0756603,0.012837306
r11D,D,medium,12,1950,2,1.0745794,0.050373155
r11D,D,medium,12,2000,2,1.0870695,0.048957266
r11D,D,medium,12,2050,2,1.186357,0.031918035
r11D,D,medium,12,2100,2,1.2418485,0.019817065
r11D,D,medium,12,2150,2,1.2678204,0.017185606
r11D,D,medium,12,2200,2,1.2761024,0.015970822
r11D,D,medium,12,2250,2,1.2777009,0.01590202
r11D,D,medium,12,2300,2,1.2709073,0.017435686
r11D,D,medium,12,2350,2,1.2567756,0.01982793
r11D,D,medium,12,2400,2,1.24487,0.021319278
r11D,D,medium,12,2450,2,1.2371992,0.022037193
r11D,D,medium,12,2500,2,1.2321359,0.0224773
r11D,D,medium,12,2550,2,1.228648,0.022835082
r11D,D,medium,12,2600,2,1.2263638,0.023117618
r11D,D,medium,12,2650,2,1.2258877,0.023120919
r11D,D,medium,12,2700,2,1.227835,0.022673788
r11D,D,medium,12,2750,2,1.2362011,0.020859551
r11D,D,medium,12,2800,2,1.2526206,0.017133875
r11D,D,medium,12,2850,2,1.2726297,0.012435576
r11D,D,medium,12,2900,2,1.2895324,0.0083913001
r11D,D,medium,12,2950,2,1.2993607,0.0060498707
r11D,D,medium,12,3000,2,1.3027002,0.0053125691
r11D,D,medium,12,3050,2,1.3014434,0.0056713715
r11D,D,medium,12,3100,2,1.2955019,0.0072450229
r11D,D,medium,12,3150,2,1.2856948,0.0097657445
r11D,D,medium,12,3200,2,1.2747442,0.012452102
r11D,D,medium,12,3250,2,1.2654352,0.014654989
r11D,D,medium,12,3300,2,1.2591828,0.016114563
r11D,D,medium,12,3350,2,1.2559136,0.016886703
r11D,D,medium,12,3400,2,1.2548243,0.017159491
r11D,D,medium,14,3450,2,1.2535939,0.060943459
r11D,D,medium,14,3500,2,1.2654679,0.059100092
r11D,D,medium,14,3550,2,1.3476871,0.039078582
r11D,D,medium,14,3600,2,1.3950314,0.025666358
r11D,D,medium,14,3650,2,1.4268101,0.022501032
r11D,D,medium,14,3700,2,1.4353321,0.021147899
r11D,D,medium,14,3750,2,1.4373252,0.021241483
r11D,D,medium,14,3800,2,1.4331659,0.022990885
r11D,D,medium,14,3850,2,1.4220951,0.025588022
r11D,D,medium,14,3900,2,1.4117168,0.027116339
r11D,D,medium,14,3950,2,1.4050676,0.02773992
r11D,D,medium,14,4000,2,1.4013515,0.028022275
r11D,D,medium,14,4050,2,1.3994827,0.028193782
r11D,D,medium,14,4100,2,1.3988268,0.028275588
r11D,D,medium,14,4150,2,1.3995998,0.028079031
r11D,D,medium,14,4200,2,1.4021401,0.027414062
r11D,D,medium,14,4250,2,1.4094593,0.025270982
r11D,D,medium,14,4300,2,1.4228317,0.021072574
r11D,D,medium,14,4350,2,1.4387256,0.015938333
r11D,D,medium,14,4400,2,1.452158,0.011598496
r11D,D,medium,14,4450,2,1.4599574,0.0091609277
r11D,D,medium,14,4500,2,1.4625569,0.0084383376
r11D,D,medium,14,4550,2,1.4611751,0.0089423192
r11D,D,medium,14,4600,2,1.4560634,0.010769022
r11D,D,medium,14,4650,2,1.4479022,0.013561566
r11D,D,medium,14,4700,2,1.4386761,0.016515468
r11D,D,medium,14,4750,2,1.4306292,0.018940649
r11D,D,medium,14,4800,2,1.4249128,0.020567628
r11D,D,medium,14,4850,2,1.4216193,0.021438616
r11D,D,medium,14,4900,2,1.4201646,0.021769174
r11D,D,medium,15,4950,2,1.4191903,0.046570833
r11D,D,medium,15,5000,2,1.4241919,0.045374776
r11D,D,medium,15,5050,2,1.4563652,0.033857232
r11D,D,medium,15,5100,2,1.4763791,0.026667485
r11D,D,medium,15,5150,2,1.491681,0.024983189
r11D,D,medium,15,5200,2,1.4949312,0.024429812
r11D,D,medium,15,5250,2,1.496229,0.024573745
r11D,D,medium,15,5300,2,1.4949789,0.02553577
r11D,D,medium,15,5350,2,1.4909855,0.026815741
r11D,D,medium,15,5400,2,1.4867604,0.027505973
r11D,D,medium,15,5450,2,1.4840072,0.027722619
r11D,D,medium,15,5500,2,1.4827378,0.027756373
r11D,D,medium,15,5550,2,1.48243,0.027732474
r11D,D,medium,15,5600,2,1.4827168,0.027658001
r11D,D,medium,15,5650,2,1.48363,0.027442692
r11D,D,medium,15,5700,2,1.4851566,0.026997472
r11D,D,medium,15,5750,2,1.4883687,0.025843918
r11D,D,medium,15,5800,2,1.4938418,0.023650448
r11D,D,medium,15,5850,2,1.5004752,0.021009361
r11D,D,medium,15,5900,2,1.5061336,0.01882913
r11D,D,medium,15,5950,2,1.5095328,0.017628318
r11D,D,medium,15,6000,2,1.510749,0.017256373
r11D,D,medium,15,6050,2,1.5101867,0.017532606
r11D,D,medium,15,6100,2,1.5080193,0.018481176
r11D,D,medium,15,6150,2,1.5046103,0.019900406
r11D,D,medium,15,6200,2,1.5007737,0.021388869
r11D,D,medium,15,6250,2,1.4974143,0.02261473
r11D,D,medium,15,6300,2,1.4949561,0.023448719
r11D,D,medium,15,6350,2,1.493472,0.023906183
r11D,D,medium,15,6400,2,1.4927392,0.024091379
r12F,F,fine,10,400,1,0.99095571,0.029310726
r12F,F,fine,10,450,2,1.0763356,0.017468796
r12F,F,fine,10,500,2,1.0322169,0.015190841
r12F,F,fine,10,550,2,1.056137,0.018700481
r12F,F,fine,10,600,2,1.034774,0.016236282
r12F,F,fine,10,650,2,1.0423382,0.018858634
r12F,F,fine,10,700,2,1.0330378,0.017113339
r12F,F,fine,10,750,2,1.0335989,0.020754545
r12F,F,fine,10,800,2,1.0220031,0.017721873
r12F,F,fine,10,850,2,1.028201,0.021636224
r12F,F,fine,10,900,2,1.013134,0.018343959
r12F,F,fine,10,950,2,1.0168465,0.021582988
r12F,F,fine,10,1000,2,1.0041788,0.019145967
r12F,F,fine,10,1050,2,1.0062137,0.022578369
r12F,F,fine,10,1100,2,1.0096591,0.018493799
r12F,F,fine,10,1150,2,1.0049934,0.022224334
r12F,F,fine,10,1200,2,1.0073265,0.018249584
r12F,F,fine,10,1250,2,0.99950319,0.021874931
r12F,F,fine,10,1300,2,1.013434,0.017961909
r12F,F,fine,10,1350,2,1.0155728,0.01992095
r12F,F,fine,10,1400,2,1.0332183,0.018259115
r12F,F,fine,10,1450,2,1.0259109,0.018881596
r12F,F,fine,10,1500,2,1.0479265,0.017037835
r12F,F,fine,10,1550,2,1.0228474,0.017633274
r12F,F,fine,10,1600,2,1.0534367,0.016473815
r12F,F,fine,10,1650,2,1.0369693,0.015594925
r12F,F,fine,10,1700,2,1.0494865,0.019771452
r12F,F,fine,10,1750,2,1.0270399,0.015701137
r12F,F,fine,10,1800,2,1.0572062,0.019576777
r12F,F,fine,10,1850,2,1.0312965,0.01489572
r12F,F,fine,10,1900,2,1.0384685,0.019100339
r12F,F,fine,10,1950,2,1.0326705,0.016112093
r12F,F,fine,10,2000,2,1.0365397,0.019097483
r12F,F,fine,10,2050,2,1.0242406,0.018316815
r12F,F,fine,10,2100,2,1.0342282,0.021102296
r12F,F,fine,10,2150,2,1.0112623,0.018594903
r12F,F,fine,10,2200,2,1.0182688,0.021798212
r12F,F,fine,10,2250,2,1.0136144,0.018503739
r12F,F,fine,10,2300,2,1.0084666,0.022731449
r12F,F,fine,10,2350,2,1.0073291,0.018777703
r12F,F,fine,10,2400,2,1.0090945,0.023145807
r12F,F,fine,10,2450,2,1.0050274,0.018748603
r12F,F,fine,10,2500,2,1.0042007,0.021657236
r12F,F,fine,10,2550,2,1.0151721,0.018096634
r12F,F,fine,10,2600,2,1.0074859,0.020883682
r12F,F,fine,10,2650,2,1.019837,0.017217989
r12F,F,fine,10,2700,2,1.0188057,0.019503191
r12F,F,fine,10,2750,2,1.0327632,0.018255946
r12F,F,fine,10,2800,2,1.0266962,0.01887934
r12F,F,fine,10,2850,2,1.0465654,0.017178574
r12F,F,fine,10,2900,2,1.0245771,0.017918638
r12F,F,fine,10,2950,2,1.0588599,0.016306431
r12F,F,fine,10,3000,2,1.0360203,0.015393773
r12F,F,fine,10,3050,2,1.0522871,0.020094958
r12F,F,fine,10,3100,2,1.0288033,0.015417309
r12F,F,fine,10,3150,2,1.053393,0.018329681
r12F,F,fine,10,3200,2,1.0317448,0.014060614
r12F,F,fine,10,3250,2,1.0452904,0.019531811
r12F,F,fine,10,3300,2,1.0336928,0.016730455
r12F,F,fine,10,3350,2,1.0371413,0.020685065
r12F,F,fine,10,3400,2,1.0192385,0.017973791
r13H,H,medium,0,400,1,6.1364672e-06,0.011931928
r13H,H,medium,0,450,2,7.3053472e-06,0.0081185397
r13H,H,medium,0,500,2,4.4074685e-06,0.0081172982
r13H,H,medium,0,550,2,3.6013217e-06,0.0081168731
r13H,H,medium,0,600,2,3.2033381e-06,0.0081168148
r13H,H,medium,0,650,2,2.898075e-06,0.0081168068
r13H,H,medium,0,700,2,2.6942834e-06,0.0081168056
r13H,H,medium,0,750,2,2.5357072e-06,0.0081168064
r13H,H,medium,0,800,2,2.3891655e-06,0.0081168075
