Airfoil,reversals_top,reversals_bot,te_curv_top,te_curv_bot,fit_error
"NACA 2412 (seed)",0,0,1.38943935123352,0.424271966326427,0.00195400347861622
"NACA 0012 (seed)",0,0,0.323475926306336,0.323475926306336,4.61693986044866e-05
"NACA 4412 (seed)",0,2,2.35952415757303,0.80997702370601,0.00312437880743466
"NACA 23012 (seed)",1,0,3.67898816244776,0.951946015550154,0.00597269204626912
"Clark Y (seed)",0,7,2.48648097561515,1.25416653245036,0.000709195297377341
"PARSEC, t >= 12 % (recommended)",1,4,3.05003279774946,1.69768808528251,1.64138969566954e-06
"NACA [m p t], t >= 12 %",0,1,0.671590648518579,0.841772957296647,0.000767051885318454
"CST NACA 2412",1,2,0.240979589879728,0.792069350362699,2.7263815062465e-06
"CST CLARK Y",1,4,2.24274461081048,0.521125969824142,1.83500120683926e-06
"CST NACA 0012",2,2,1.95459742384875,1.51276819848351,1.54722116467963e-06
"CST NACA 23012",2,2,0.759477186635528,0.327699626530611,2.29181545068242e-06
"CST NACA 2412 cruise",0,3,0.37335073512351,0.373648506311284,1.72906534390196e-06
"CST NACA 2412 free",1,2,1.37098498688293,0.180484732728608,1.8782407857805e-06
"CST NACA 2412 keepclmax",2,2,1.06841346624713,0.90994327039736,2.40818146414121e-06
"CST NACA 2412 loiter",2,2,0.886782821794543,1.09485822833687,2.4303919801457e-06
"CST NACA 2412 pso",2,1,0.911318758618437,0.0443932165422832,2.74991462304031e-06
"CST NACA 2412 weighted",1,2,0.310203401497838,0.476395207080623,2.30725171727637e-06
"CST NACA 4412",0,4,1.11643939027763,1.27499987048178,2.68564359054424e-06
"Xoptfoil2 NACA 2412 (Bezier, PSO)",0,1,0.340808047614235,0.631663139686436,0.000129324548578561
