alpha,CL,CD,CM,xtrTop,xtrBot
-2,0.2036,0.00811,-0.0774,0.6433,0.0505
-1.5,0.2506,0.00743,-0.076,0.6312,0.2183
-1,0.294,0.00665,-0.074,0.6192,0.4679
-0.5,0.324,0.00543,-0.0684,0.6079,0.8908
0,0.403,0.00562,-0.0733,0.5958,0.9569
0.5,0.4757,0.00586,-0.077,0.5842,0.9705
1,0.5531,0.00609,-0.082,0.5724,0.9765
1.5,0.6301,0.00634,-0.0869,0.5605,0.9847
2,0.7237,0.00659,-0.0956,0.5488,0.9935
2.5,0.7955,0.00665,-0.0996,0.5375,0.9969
3,0.8633,0.00673,-0.1028,0.5265,0.9999
3.5,0.909,0.00687,-0.1012,0.5165,1
4,0.9538,0.00702,-0.0993,0.5054,1
4.5,0.9974,0.0072,-0.0972,0.4876,1
5,1.0408,0.00739,-0.095,0.4694,1
5.5,1.083,0.00764,-0.0927,0.4509,1
6,1.1233,0.00797,-0.0899,0.4266,1
6.5,1.1592,0.00847,-0.0864,0.3901,1
7,1.1902,0.00916,-0.0819,0.3399,1
7.5,1.1965,0.01081,-0.0731,0.2301,1
8.5,1.1858,0.01446,-0.0517,0.0665,1
9,1.2065,0.01568,-0.0466,0.0478,1
9.5,1.2304,0.01696,-0.0425,0.0382,1
10,1.2538,0.01842,-0.0389,0.0295,1
10.5,1.2781,0.02001,-0.0358,0.0252,1
11,1.3014,0.02183,-0.0331,0.0208,1
11.5,1.3218,0.02398,-0.0304,0.0179,1
12,1.3419,0.02631,-0.0281,0.0144,1
12.5,1.3584,0.02906,-0.0259,0.0108,1
13,1.3572,0.03343,-0.023,0.0023,1
13.5,1.3591,0.03781,-0.0207,0.001,1
14,1.3689,0.04171,-0.0193,0.0009,1
14.5,1.3628,0.04736,-0.0175,0.0005,1
15,1.3744,0.05141,-0.0169,0.0005,1
15.5,1.3696,0.05735,-0.0159,0.0004,1
16,1.3676,0.06322,-0.0156,0.0004,1
16.5,1.366,0.06926,-0.0156,0.0004,1
17,1.3623,0.07577,-0.0161,0.0004,1
17.5,1.3516,0.08342,-0.017,0.0004,1
18,1.3429,0.09109,-0.0184,0.0004,1
