tag,airfoil,formulation,seed,condition,LDmax_original,LDmax,LDmax_gain_percent,LD_2deg_original,LD_2deg,LD_2deg_gain_percent,LD_designCL_original,LD_designCL,LD_designCL_gain_percent,alpha_LDmax_original,alpha_LDmax,CLmax_original,CLmax
NACA_0009_peak_s1,NACA_0009,peak,1,design,69.8830409356725,106.931216931217,53.0145447300259,39.4706994328922,72.2903225806452,83.1493325917687,69.4086823092012,101.641448908215,46.4390988657925,6,5,1.1594,1.286
NACA_0009_peak_s1,NACA_0009,peak,1,Ncrit 5,71.9086021505376,91.4689265536723,27.2016473942658,31.7799352750809,64.0661157024793,101.592970998637,68.5224454604212,90.6576104643404,32.3035245680258,7,5.5,1.2941,1.302
NACA_0009_peak_s1,NACA_0009,peak,1,Ncrit 7,71.0747663551402,101.043256997455,42.1647402857033,35.7271095152603,67.9967159277504,90.3224661897336,69.1483971720078,96.7139253456321,39.8643053215746,6.5,5,1.2165,1.2684
NACA_0009_peak_s1,NACA_0009,peak,1,Ncrit 11,68.6150712830957,110.6275579809,61.2292400374654,42.8875968992248,76.6772151898734,78.786457469384,68.0792689241014,104.11397130392,52.9305072591068,5.5,5,1.1084,1.29
NACA_0009_peak_s1,NACA_0009,peak,1,Re 0.5e6,55.6302521008403,90.6926406926407,63.0275565320883,40.7507507507507,67.8026315789474,66.3837606174611,53.7097861927112,85.1307133828454,58.5013075222375,4,5.5,1.0091,1.2445
NACA_0009_peak_s1,NACA_0009,peak,1,Re 2e6,85.778947368421,113.54694485842,32.3715764087609,41.7263157894737,79.1170431211499,89.6094625759143,81.1093957622633,112.57116214599,38.7892994246232,7,5,1.3658,1.3261
NACA_0009_peak_s1,NACA_0009,peak,1,tripped,56.1005089058524,74.5986496624156,32.9732138216547,21.1925708699902,35.2037914691943,66.1138315174621,54.6652871578228,60.6123413397738,10.8790321813941,8.5,8,1.1348,1.2503
NACA_0012_peak_s1,NACA_0012,peak,1,design,76.4720194647202,118.401997503121,54.8304835309665,34.0421792618629,66.9168026101142,96.5702668309498,76.3998682952456,118.283793349087,54.8219859384866,8,6,1.308,1.3539
NACA_0012_peak_s1,NACA_0012,peak,1,Ncrit 5,75.3176302640971,101.002475247525,34.1020354641606,29.0014684287812,62.0826446280992,114.067245527775,74.268192354083,90.5573124194622,21.9328349715566,9.5,5.5,1.3645,1.3777
NACA_0012_peak_s1,NACA_0012,peak,1,Ncrit 7,76.1275964391691,110.552220888355,45.2196392101959,31.6639477977161,65.78073089701,107.746460792721,75.5382255743999,107.632502322647,42.4874644647781,9,6,1.3402,1.3749
NACA_0012_peak_s1,NACA_0012,peak,1,Ncrit 11,76.4907872696817,122.182284980745,59.7346417026267,35.9558823529412,69.2924528301887,92.7152062352896,75.5004101741245,122.10560366109,61.7283977391402,7.5,6,1.259,1.3247
NACA_0012_peak_s1,NACA_0012,peak,1,Re 0.5e6,62.9325058184639,98.4397163120567,56.4210975422105,30.1149425287356,58.4800965018094,94.1896334220389,58.4669385437425,98.0446646894059,67.6924893477244,6.5,6.5,1.1573,1.2026
NACA_0012_peak_s1,NACA_0012,peak,1,Re 2e6,90.6234203875316,128.421052631579,41.7084591184198,37.608286252354,79.3933054393305,111.105884768575,88.4614959771049,116.896026397892,32.1433976519524,9.5,5.5,1.478,1.4894
NACA_0012_peak_s1,NACA_0012,peak,1,tripped,62.2459546925566,72.3307745987439,16.2015667620457,19.3812556869882,34.3637992831541,77.3042977097952,62.1665537652808,69.9724861758542,12.5564824456024,9.5,8.5,1.2244,1.2746
NACA_0015_peak_s1,NACA_0015,peak,1,design,76.4474576271186,110.55387713998,44.6141972166285,29.2834890965732,49.9693251533742,70.6399295131184,75.9829036787743,108.63943209066,42.9787844775511,10,8,1.3319,1.292
NACA_0015_peak_s1,NACA_0015,peak,1,Ncrit 5,73.2172701949861,99.4579646017699,35.8394875101214,25.9973226238286,49.1798887859129,89.1728986770181,72.9374686224138,78.9786285812256,8.28265646301214,10,7,1.3645,1.2975
NACA_0015_peak_s1,NACA_0015,peak,1,Ncrit 7,74.8245010323469,105.652173913043,41.1999712064498,27.7842565597668,50.3405572755418,81.183747591929,74.6293231914196,92.4935624942306,23.9372923924156,10,7.5,1.3543,1.2973
NACA_0015_peak_s1,NACA_0015,peak,1,Ncrit 11,77.2689075630252,115.095419847328,48.9543769639158,30.4078303425775,49.3018357005304,62.1353287791048,75.9831105700629,114.847508953944,51.1487330438316,9.5,8.5,1.2996,1.2808
NACA_0015_peak_s1,NACA_0015,peak,1,Re 0.5e6,64.9266113592853,97.5876817792985,50.3045973541978,24.8089591567852,41.3136247231451,66.5270375192093,41.4381526637447,97.5590212772667,135.432843903352,8.5,7.5,1.1864,1.251
NACA_0015_peak_s1,NACA_0015,peak,1,Re 2e6,88.9285714285714,126.288088642659,42.0107020881309,33.4179357021997,62.495164410058,87.0108464118698,88.8863678804855,102.332100398445,15.1268781013061,11,7,1.4793,1.4038
NACA_0015_peak_s1,NACA_0015,peak,1,tripped,62.1799080761655,61.7354838709677,-0.714739244473206,17.3604060913706,28.5179017485429,64.2697849258172,50.0085586476548,41.0812421091804,-17.8515773697331,10,9,1.2017,1.1605
NACA_2412_robustmean_s1,NACA_2412,robustmean,1,design,104.622395833333,137.552693208431,31.4753806895768,76.5331010452962,92.0422535211268,20.2646335559453,104.451453779031,110.105998969396,5.41356293836492,4.5,7,1.4291,1.4082
NACA_2412_robustmean_s1,NACA_2412,robustmean,1,Ncrit 5,87.8666666666667,130.425273390036,48.4354401252311,64.1704718417047,86.0740740740741,34.1334598355471,87.8168375067617,109.847171686881,25.0866858857481,5,6,1.4728,1.3824
NACA_2412_robustmean_s1,NACA_2412,robustmean,1,Ncrit 7,96.3646922183508,134.94019138756,40.030739767011,70.9847198641766,88.695652173913,24.950344727182,96.2508340669167,110.13243954155,14.4223222678594,5,6.5,1.454,1.4004
NACA_2412_robustmean_s1,NACA_2412,robustmean,1,Ncrit 11,110.215053763441,139.167616875713,26.2691548238173,79.965034965035,97.9663394109397,22.5114694863522,109.378604130989,110.199079373006,0.75012407457109,4.5,7.5,1.3974,1.4083
NACA_2412_robustmean_s1,NACA_2412,robustmean,1,Re 0.5e6,89.9892125134844,109.055604589585,21.1874196290403,68.130081300813,77.5645342312009,13.8477053751517,89.7997496718705,86.9007371930319,-3.22830797349839,5,8,1.2855,1.3037
NACA_2412_robustmean_s1,NACA_2412,robustmean,1,Re 2e6,111.233082706767,164.048295454545,47.4815688485504,84.2772277227723,106.018691588785,25.7975546342492,109.901368619492,134.290988956108,22.1922808086765,4.5,6.5,1.5898,1.4454
NACA_2412_robustmean_s1,NACA_2412,robustmean,1,tripped,73.0651872399445,74.7001303780965,2.23764996698474,36.604774535809,45.1332760103181,23.2988772165938,63.2694318507891,62.9011322859146,-0.582112963718484,8.5,8.5,1.3566,1.3203
NACA_2412_robustmean_s2,NACA_2412,robustmean,2,design,104.622395833333,136.083429895713,30.0710319351678,76.5331010452962,86.5373563218391,13.0718017954373,104.451453779031,109.192206549557,4.53871401402868,4.5,7,1.4291,1.345
NACA_2412_robustmean_s2,NACA_2412,robustmean,2,Ncrit 5,87.8666666666667,128.432494279176,46.1674821083189,64.1704718417047,82.7963525835866,29.0256253496594,87.8168375067617,108.447502918506,23.4928357675779,5,6.5,1.4728,1.3296
NACA_2412_robustmean_s2,NACA_2412,robustmean,2,Ncrit 7,96.3646922183508,132.692778457772,37.6985443559624,70.9847198641766,85.0222882615156,19.7754790385857,96.2508340669167,108.653879801126,12.8861696155131,5,6,1.454,1.3311
NACA_2412_robustmean_s2,NACA_2412,robustmean,2,Ncrit 11,110.215053763441,137.246207701284,24.5258274753109,79.965034965035,90.4596100278551,13.123954822766,109.378604130989,109.530535618503,0.138904211404434,4.5,7,1.3974,1.3617
NACA_2412_robustmean_s2,NACA_2412,robustmean,2,Re 0.5e6,89.9892125134844,107.620297462817,19.5924427571703,68.130081300813,77.4804031354983,13.7242193993591,89.7997496718705,86.5735826251988,-3.59262365258275,5,8,1.2855,1.2855
NACA_2412_robustmean_s2,NACA_2412,robustmean,2,Re 2e6,111.233082706767,160.029368575624,43.8685008825064,84.2772277227723,102.693032015066,21.8514595103578,109.901368619492,133.085866586539,21.0957317986803,4.5,6,1.5898,1.3978
NACA_2412_robustmean_s2,NACA_2412,robustmean,2,tripped,73.0651872399445,73.1245923026745,0.0813041955738614,36.604774535809,43.7116040955631,19.4150343770095,63.2694318507891,62.2073257673743,-1.67870336803343,8.5,8.5,1.3566,1.2737
NACA_2412_robustmean_s3,NACA_2412,robustmean,3,design,104.622395833333,138.667452830189,32.540888330535,76.5331010452962,101.011904761905,31.9845967068821,104.451453779031,116.191124772531,11.2393562451846,4.5,7,1.4291,1.4018
NACA_2412_robustmean_s3,NACA_2412,robustmean,3,Ncrit 5,87.8666666666667,131.919315403423,50.1357914302993,64.1704718417047,92.5987841945289,44.3012362803735,87.8168375067617,113.135233225595,28.8309126559969,5,6,1.4728,1.3773
NACA_2412_robustmean_s3,NACA_2412,robustmean,3,Ncrit 7,96.3646922183508,135.89156626506,41.0180047658393,70.9847198641766,96.9126506024096,36.5260731997591,96.2508340669167,115.316232556657,19.8080345740025,5,6.5,1.454,1.391
NACA_2412_robustmean_s3,NACA_2412,robustmean,3,Ncrit 11,110.215053763441,140.25,27.2512195121951,79.965034965035,105.423476968796,31.836967263121,109.378604130989,115.663462661962,5.74596702975454,4.5,7,1.3974,1.4084
NACA_2412_robustmean_s3,NACA_2412,robustmean,3,Re 0.5e6,89.9892125134844,109.858407079646,22.0795293249003,68.130081300813,81.6666666666667,19.8687350835322,89.7997496718705,90.4064063276773,0.675566087905111,5,8,1.2855,1.3159
NACA_2412_robustmean_s3,NACA_2412,robustmean,3,Re 2e6,111.233082706767,166.451127819549,49.6417466540489,84.2772277227723,113.75,34.9712171052631,109.901368619492,140.019714964672,27.404887421792,4.5,6,1.5898,1.4456
NACA_2412_robustmean_s3,NACA_2412,robustmean,3,tripped,73.0651872399445,74.8518041237113,2.44523685116909,36.604774535809,47.0462328767123,28.5248535834822,63.2694318507891,63.097417676723,-0.271875642050601,8.5,8.5,1.3566,1.3365
NACA_2412_robusttrip_s1,NACA_2412,robusttrip,1,design,104.622395833333,136.224366706876,30.2057419177107,76.5331010452962,93.328509406657,21.9452865909882,104.451453779031,111.357296433851,6.61153330563453,4.5,6.5,1.4291,1.342
NACA_2412_robusttrip_s1,NACA_2412,robusttrip,1,Ncrit 5,87.8666666666667,125.17879161529,42.4644821114831,64.1704718417047,88.3939393939394,37.7486199758496,87.8168375067617,111.856974614808,27.3753163864447,5,5.5,1.4728,1.3458
NACA_2412_robusttrip_s1,NACA_2412,robusttrip,1,Ncrit 7,96.3646922183508,132.081218274112,37.0639133831628,70.9847198641766,90.0296735905044,26.8296525826528,96.2508340669167,111.550741108683,15.8958695683915,5,5.5,1.454,1.3449
NACA_2412_robusttrip_s1,NACA_2412,robusttrip,1,Ncrit 11,110.215053763441,138.59241126071,25.7472609487417,79.965034965035,95.2521008403361,19.1171877583565,109.378604130989,111.217552469057,1.6812687935434,4.5,6.5,1.3974,1.3521
NACA_2412_robusttrip_s1,NACA_2412,robusttrip,1,Re 0.5e6,89.9892125134844,109.513358778626,21.6960963651238,68.130081300813,80.88,18.7140811455847,89.7997496718705,88.8339376707709,-1.0755174759715,5,7,1.2855,1.3036
NACA_2412_robusttrip_s1,NACA_2412,robusttrip,1,Re 2e6,111.233082706767,156.61119515885,40.7955181568681,84.2772277227723,109.433962264151,29.8499787203859,109.901368619492,137.098891160426,24.7472100507675,4.5,5.5,1.5898,1.405
NACA_2412_robusttrip_s1,NACA_2412,robusttrip,1,tripped,73.0651872399445,74.7949735449735,2.36745619955567,36.604774535809,45.7785467128028,25.0616819617873,63.2694318507891,63.3920198935299,0.193755561184572,8.5,8.5,1.3566,1.2614
NACA_2412_robusttrip_s2,NACA_2412,robusttrip,2,design,104.622395833333,130.510783200908,24.7445942729277,76.5331010452962,88.6350574712644,15.8127088288317,104.451453779031,109.227352219945,4.57236186584533,4.5,7,1.4291,1.3681
NACA_2412_robusttrip_s2,NACA_2412,robusttrip,2,Ncrit 5,87.8666666666667,122.384987893462,39.2848875874004,64.1704718417047,82.9940119760479,29.3336476951221,87.8168375067617,108.010398509842,22.9950902086687,5,5.5,1.4728,1.3657
NACA_2412_robusttrip_s2,NACA_2412,robusttrip,2,Ncrit 7,96.3646922183508,127.170263788969,31.9676957000147,70.9847198641766,85.5817378497791,20.5636058204254,96.2508340669167,108.735220040922,12.9706782232411,5,6,1.454,1.3684
NACA_2412_robusttrip_s2,NACA_2412,robusttrip,2,Ncrit 11,110.215053763441,132.612197928654,20.3213112913638,79.965034965035,91.1821974965229,14.0275841014673,109.378604130989,109.378213370846,-0.000357254644522964,4.5,7,1.3974,1.3848
NACA_2412_robusttrip_s2,NACA_2412,robusttrip,2,Re 0.5e6,89.9892125134844,105.049504950495,16.7356642161459,68.130081300813,77.1753986332574,13.2765397600318,89.7997496718705,87.0009402775693,-3.11672293578554,5,7.5,1.2855,1.3347
NACA_2412_robusttrip_s2,NACA_2412,robusttrip,2,Re 2e6,111.233082706767,154.43342776204,38.8376767091474,84.2772277227723,103.828996282528,23.1993494423792,109.901368619492,132.813621904214,20.8480145174997,4.5,6,1.5898,1.4204
NACA_2412_robusttrip_s2,NACA_2412,robusttrip,2,tripped,73.0651872399445,76.1194029850746,4.18012443477374,36.604774535809,44.6400693842151,21.9514938974572,63.2694318507891,63.4656879547788,0.310191032618223,8.5,9,1.3566,1.321
NACA_2412_robusttrip_s3,NACA_2412,robusttrip,3,design,104.622395833333,138.355995055624,32.243191291499,76.5331010452962,100.526315789474,31.350114416476,104.451453779031,117.057346494819,12.0686618134161,4.5,6.5,1.4291,1.4158
NACA_2412_robusttrip_s3,NACA_2412,robusttrip,3,Ncrit 5,87.8666666666667,130.76726342711,48.8246548866957,64.1704718417047,91.7230769230769,42.936578601664,87.8168375067617,114.717924558072,30.6331767518259,5,5.5,1.4728,1.3955
NACA_2412_robusttrip_s3,NACA_2412,robusttrip,3,Ncrit 7,96.3646922183508,134.899244332494,39.9882480056371,70.9847198641766,96.2290076335878,35.562988510364,96.2508340669167,116.529565282552,21.0686290796579,5,6,1.454,1.4086
NACA_2412_robusttrip_s3,NACA_2412,robusttrip,3,Ncrit 11,110.215053763441,140.601503759399,27.5701448743811,79.965034965035,103.81520119225,29.8257435110783,109.378604130989,115.532307571549,5.62605775549083,4.5,6.5,1.3974,1.4145
NACA_2412_robusttrip_s3,NACA_2412,robusttrip,3,Re 0.5e6,89.9892125134844,110.223255813954,22.4849654034223,68.130081300813,80.9415971394517,18.804492221391,89.7997496718705,90.6402656820646,0.935989257503889,5,7.5,1.2855,1.3058
NACA_2412_robusttrip_s3,NACA_2412,robusttrip,3,Re 2e6,111.233082706767,165.433070866142,48.7265001027231,84.2772277227723,113.519230769231,34.6973955320995,109.901368619492,140.323672478208,27.6814604229787,4.5,5.5,1.5898,1.4719
NACA_2412_robusttrip_s3,NACA_2412,robusttrip,3,tripped,73.0651872399445,75.2875816993464,3.04165984287919,36.604774535809,46.2218370883882,26.2726998719011,63.2694318507891,63.6313815040372,0.572076661130261,8.5,8.5,1.3566,1.3412
NACA_2412_robusttripworst_s1,NACA_2412,robusttripworst,1,design,104.622395833333,104.078947368421,-0.519437985130833,76.5331010452962,63.970802919708,-16.4142024222344,104.451453779031,97.1918150542047,-6.95025149212813,4.5,7,1.4291,1.5781
NACA_2412_robusttripworst_s1,NACA_2412,robusttripworst,1,Ncrit 5,87.8666666666667,98.6592741935484,12.2829372460717,64.1704718417047,56.3923182441701,-12.1210790170309,87.8168375067617,91.2942549029677,3.9598526830783,5,6.5,1.4728,1.5601
NACA_2412_robusttripworst_s1,NACA_2412,robusttripworst,1,Ncrit 7,96.3646922183508,101.80310880829,5.6435780208965,70.9847198641766,60.6461086637298,-14.5645587109858,96.2508340669167,94.7728840899697,-1.53551913734018,5,6.5,1.454,1.5741
NACA_2412_robusttripworst_s1,NACA_2412,robusttripworst,1,Ncrit 11,110.215053763441,105.39406345957,-4.37416681229246,79.965034965035,66.0201149425287,-17.4387718689846,109.378604130989,98.3333969971588,-10.0981423392486,4.5,7,1.3974,1.5748
NACA_2412_robusttripworst_s1,NACA_2412,robusttripworst,1,Re 0.5e6,89.9892125134844,84.3099273607748,-6.31107328765493,68.130081300813,55.5417607223476,-18.4768905865303,89.7997496718705,78.8536146800646,-12.1894938814453,5,7.5,1.2855,1.4376
NACA_2412_robusttripworst_s1,NACA_2412,robusttripworst,1,Re 2e6,111.233082706767,122.619324796275,10.2363809510919,84.2772277227723,72.2982456140351,-14.2137828122939,109.901368619492,112.411546867687,2.28402819703408,4.5,7,1.5898,1.6817
NACA_2412_robusttripworst_s1,NACA_2412,robusttripworst,1,tripped,73.0651872399445,78.0704898446834,6.8504616135473,36.604774535809,37.1478873239437,1.48372116758522,63.2694318507891,63.0472977675212,-0.351092268051001,8.5,11,1.3566,1.5176
NACA_2412_robustworst_s1,NACA_2412,robustworst,1,design,104.622395833333,138,31.9029247044182,76.5331010452962,101.385083713851,32.4722013470302,104.451453779031,117.239133850844,12.2427018573289,4.5,6.5,1.4291,1.4076
NACA_2412_robustworst_s1,NACA_2412,robustworst,1,Ncrit 5,87.8666666666667,131.145320197044,49.2549167644662,64.1704718417047,93.4668721109399,45.6540203436611,87.8168375067617,114.635113026917,30.5388764632865,5,6,1.4728,1.3969
NACA_2412_robustworst_s1,NACA_2412,robustworst,1,Ncrit 7,96.3646922183508,135.107458912769,40.2043173724163,70.9847198641766,97.4193548387097,37.2398947620187,96.2508340669167,116.894274154978,21.4475441051344,5,6,1.454,1.4048
NACA_2412_robustworst_s1,NACA_2412,robustworst,1,Ncrit 11,110.215053763441,140.012004801921,27.0352824056452,79.965034965035,104.380664652568,30.5328819004567,109.378604130989,116.255781561551,6.28749789339598,4.5,7,1.3974,1.4034
NACA_2412_robustworst_s1,NACA_2412,robustworst,1,Re 0.5e6,89.9892125134844,109.723502304147,21.9296171612859,68.130081300813,80.1547619047619,17.6495908625981,89.7997496718705,90.3337782030147,0.594688218058037,5,7.5,1.2855,1.2851
NACA_2412_robustworst_s1,NACA_2412,robustworst,1,Re 2e6,111.233082706767,165.99695585997,49.2334401066375,84.2772277227723,116.634799235182,38.3942049195647,109.901368619492,142.63722073736,29.7865736606149,4.5,6,1.5898,1.4796
NACA_2412_robustworst_s1,NACA_2412,robustworst,1,tripped,73.0651872399445,75.4948586118252,3.32534749264612,36.604774535809,47.31330472103,29.2544628973067,63.2694318507891,63.3310823717053,0.0974412431292704,8.5,8.5,1.3566,1.349
