airfoil,alpha,LD_original,LD,gain_percent
NACA_0009,0,0.0235849056603774,28.6847195357834,121523.210831721
NACA_0009,0.5,11.2325581395349,42.2241992882562,275.909020578679
NACA_0009,1,21.8222222222222,53.4923339011925,145.127803009538
NACA_0009,1.5,31.3636363636364,62.5,99.2753623188406
NACA_0009,2,39.4706994328922,72.2903225806452,83.1493325917687
NACA_0009,2.5,46.4089347079038,81.2283464566929,75.0273885146067
NACA_0009,3,52.4807395993837,88.4427480916031,68.5242029108936
NACA_0009,3.5,55.8448753462604,96.5126676602086,72.8227828637664
NACA_0009,4,59.5094339622641,102.972582972583,73.0357291549429
NACA_0009,4.5,62.7939464493597,105.958333333333,68.739726239031
NACA_0009,5,66.4590163934426,106.931216931217,60.8979830489451
NACA_0009,5.5,68.6748216106014,106.044776119403,54.415801355402
NACA_0009,6,69.8830409356725,102.980437284235,47.3611278293234
NACA_0009,6.5,69.0710382513661,97.2916666666667,40.8573971518988
NACA_0009,7,69.3079584775086,91.9583727530747,32.6808273871123
NACA_0009,7.5,66.8282988871224,89.3992932862191,33.7746056310974
NACA_0009,8,66.3410969196093,86.9809760132341,31.1117543302543
NACA_0009,8.5,64.1585535465925,83.7202152190623,30.4895615488961
NACA_0009,9,60.997458703939,76.0789652825051,24.7248113265941
NACA_0009,9.5,59.4295900178253,74.1051956382296,24.6941054380529
NACA_0009,10,57.7709838799333,71.5075075075075,23.7775483556298
NACA_0012,0,0,27.9385171790235,Inf
NACA_0012,0.5,8.91385767790262,38.2974910394265,329.639920484323
NACA_0012,1.5,26.1050724637681,58.3811129848229,123.638961607372
NACA_0012,2,34.0421792618629,66.9168026101142,96.5702668309498
NACA_0012,2.5,41.2457912457912,76.5196850393701,85.5211955648401
NACA_0012,3,47.3726114649682,84.8091603053435,79.0257232664058
NACA_0012,3.5,53.0402384500745,92.0118343195266,73.4755291610069
NACA_0012,4,57.4447513812155,100.02886002886,74.1305473933509
NACA_0012,4.5,61.2005108556833,106.391608391608,73.8410462659211
NACA_0012,5,64.2185663924794,112.083897158322,74.5350347332701
NACA_0012,5.5,66.9356597600872,117.320261437908,75.2731830214436
NACA_0012,6,69.0102040816327,118.401997503121,71.5717249047149
NACA_0012,6.5,71.3793103448276,115.402567094516,61.6750939971477
NACA_0012,7,73.4239130434783,105.118434603502,43.1664838419266
NACA_0012,7.5,75.0985432733505,93.0899376669635,23.9570484451693
NACA_0012,8,76.4720194647202,86.9741100323625,13.7332460175023
NACA_0012,8.5,75.9984639016897,84.0561031084155,10.6023711441708
NACA_0012,9,75.0879765395894,81.2962962962963,8.26806107024813
NACA_0012,9.5,73.5118219749652,77.7740863787376,5.79806660923718
NACA_0012,10,72.3209549071618,75.8611987381703,4.89518402453775
NACA_0015,0,0.016,17.5404530744337,109527.83171521
NACA_0015,0.5,7.52396166134185,25.5806451612903,239.989041846449
NACA_0015,1,14.9602543720191,34.032,127.482763018066
NACA_0015,1.5,22.2047244094488,42.1439749608764,89.7973340436631
NACA_0015,2,29.2834890965732,49.9693251533742,70.6399295131184
NACA_0015,2.5,35.8778625954198,57.3919523099851,59.9648032469798
NACA_0015,3.5,47.8581765557163,70.7433380084151,47.8187074805409
NACA_0015,4,53.1380753138075,77.5235531628533,45.8907811489916
NACA_0015,4.5,57.593085106383,84.7581699346405,47.1672680462934
NACA_0015,5,61.272040302267,90.1261034047919,47.0917288867519
NACA_0015,5.5,64.616292798111,94.2682926829268,45.8893548372721
NACA_0015,6,67.7117711771177,99.5395513577332,47.0047963999666
NACA_0015,6.5,69.5468589083419,103.938356164384,49.4508275368228
NACA_0015,7,71.6730769230769,106.949339207048,49.2182892075804
NACA_0015,7.5,73.1046931407942,109.206349206349,49.3834999020184
NACA_0015,8,73.6917866215072,110.55387713998,50.0219796648469
NACA_0015,8.5,75.084067253803,108.397375820056,44.3680127951058
NACA_0015,9,75.6009070294784,101.546218487395,34.3187833021631
NACA_0015,9.5,76.065808297568,91.0369833212473,19.6818719984049
NACA_0015,10,76.4474576271186,84.6782841823056,10.7666452366981
