tag,airfoil,formulation,seed,objective,curvature_limits,Ncrit,aggregate,design_CL,objective_original_fit,objective_final,objective_gain_percent,reversals_top_original,reversals_bottom_original,reversals_top,reversals_bottom,meets_curvature_limits,tc,evaluations,xfoil_analysed_designs,median_evaluation_seconds,run_seconds,git_commit
NACA_0009_peak_s1,NACA_0009,peak,1,LDmax,1,9,mean,0.7,70.0883218842002,106.799468791501,52.3784075868653,0,0,0,0,1,0.0936553142851531,1347,825,6.61,2508,c80a707
NACA_0012_peak_s1,NACA_0012,peak,1,LDmax,1,9,mean,0.95,76.913680781759,118.401997503121,53.9414006710775,0,0,0,0,1,0.123638543625203,1397,1097,8.35,2824,c80a707
NACA_0015_peak_s1,NACA_0015,peak,1,LDmax,1,9,mean,1.15,76.7232021709634,110.55387713998,44.0944512373599,0,0,0,0,1,0.151977848469199,1396,1086,8.73,2922,c80a707
NACA_2412_robustmean_s1,NACA_2412,robustmean,1,LDmax,1,[5 9],mean,0.8,95.2012987012987,133.972527809076,40.7255254252627,0,0,0,0,1,0.122323311760885,1413,1060,17.61,5867,f019b52
NACA_2412_robustmean_s2,NACA_2412,robustmean,2,LDmax,1,[5 9],mean,0.8,95.2012987012987,132.10540758183,38.7642914371586,0,0,0,0,1,0.128130634471399,1403,1014,14.955,4655,f019b52
NACA_2412_robustmean_s3,NACA_2412,robustmean,3,LDmax,1,[5 9],mean,0.8,95.2012987012987,135.028019139804,41.8342196816717,0,0,0,0,1,0.122066496295457,1310,942,15.01,4077,f019b52
NACA_2412_robusttrip_s1,NACA_2412,robusttrip,1,LDmax,1,9,mean,0.8,88.7385220413389,105.509670125925,18.8995125214874,0,0,0,0,1,0.120389099155976,1384,1023,11.3,3611,c80a707
NACA_2412_robusttrip_s2,NACA_2412,robusttrip,2,LDmax,1,9,mean,0.8,88.7385220413389,103.310830164302,16.4216259046715,0,0,0,0,1,0.121901850656268,1352,866,11.33,3185,c80a707
NACA_2412_robusttrip_s3,NACA_2412,robusttrip,3,LDmax,1,9,mean,0.8,88.7385220413389,106.821788377485,20.3781468523019,0,0,0,0,1,0.120808945397133,1304,856,10.405,2836,c80a707
NACA_2412_robusttripworst_s1,NACA_2412,robusttripworst,1,LDmax,1,9,worst,0.8,73.3601609657948,78.0122699386503,6.34146505625124,0,0,0,0,1,0.120641829651156,1404,871,11.2,3195,c80a707
NACA_2412_robustworst_s1,NACA_2412,robustworst,1,LDmax,1,[5 9],worst,0.8,86.2857142857143,130.911330049261,51.7184288650377,0,0,0,0,1,0.124437975417117,1376,1052,16.695,5247,f019b52
