formulation,condition,airfoils,median_gain_percent,q25,q75,min,max,designs_worse_than_original
peak,design,3,53.0145447300259,46.7142840949779,54.3764988307314,44.6141972166285,54.8304835309665,0
peak,Ncrit 5,3,34.1020354641606,28.9267444117395,35.4051244986312,27.2016473942658,35.8394875101214,0
peak,Ncrit 7,3,42.1647402857033,41.4411634762631,44.4559144790727,41.1999712064498,45.2196392101959,0
peak,Ncrit 11,3,59.7346417026267,51.6494431485936,60.8555904537558,48.9543769639158,61.2292400374654,0
peak,Re 0.5e6,3,56.4210975422105,51.833722401201,61.3759417846188,50.3045973541978,63.0275565320883,0
peak,Re 2e6,3,41.7084591184198,34.7057970861756,41.9351413457032,32.3715764087609,42.0107020881309,0
peak,tripped,3,16.2015667620457,3.51433725715651,28.7803020567525,-0.714739244473206,32.9732138216547,1
robustmean,design,1,31.4753806895768,31.4753806895768,31.4753806895768,31.4753806895768,31.4753806895768,0
robustmean,Ncrit 5,1,48.4354401252311,48.4354401252311,48.4354401252311,48.4354401252311,48.4354401252311,0
robustmean,Ncrit 7,1,40.030739767011,40.030739767011,40.030739767011,40.030739767011,40.030739767011,0
robustmean,Ncrit 11,1,26.2691548238173,26.2691548238173,26.2691548238173,26.2691548238173,26.2691548238173,0
robustmean,Re 0.5e6,1,21.1874196290403,21.1874196290403,21.1874196290403,21.1874196290403,21.1874196290403,0
robustmean,Re 2e6,1,47.4815688485504,47.4815688485504,47.4815688485504,47.4815688485504,47.4815688485504,0
robustmean,tripped,1,2.23764996698474,2.23764996698474,2.23764996698474,2.23764996698474,2.23764996698474,0
robusttrip,design,1,30.2057419177107,30.2057419177107,30.2057419177107,30.2057419177107,30.2057419177107,0
robusttrip,Ncrit 5,1,42.4644821114831,42.4644821114831,42.4644821114831,42.4644821114831,42.4644821114831,0
robusttrip,Ncrit 7,1,37.0639133831628,37.0639133831628,37.0639133831628,37.0639133831628,37.0639133831628,0
robusttrip,Ncrit 11,1,25.7472609487417,25.7472609487417,25.7472609487417,25.7472609487417,25.7472609487417,0
robusttrip,Re 0.5e6,1,21.6960963651238,21.6960963651238,21.6960963651238,21.6960963651238,21.6960963651238,0
robusttrip,Re 2e6,1,40.7955181568681,40.7955181568681,40.7955181568681,40.7955181568681,40.7955181568681,0
robusttrip,tripped,1,2.36745619955567,2.36745619955567,2.36745619955567,2.36745619955567,2.36745619955567,0
robusttripworst,design,1,-0.519437985130833,-0.519437985130833,-0.519437985130833,-0.519437985130833,-0.519437985130833,1
robusttripworst,Ncrit 5,1,12.2829372460717,12.2829372460717,12.2829372460717,12.2829372460717,12.2829372460717,0
robusttripworst,Ncrit 7,1,5.6435780208965,5.6435780208965,5.6435780208965,5.6435780208965,5.6435780208965,0
robusttripworst,Ncrit 11,1,-4.37416681229246,-4.37416681229246,-4.37416681229246,-4.37416681229246,-4.37416681229246,1
robusttripworst,Re 0.5e6,1,-6.31107328765493,-6.31107328765493,-6.31107328765493,-6.31107328765493,-6.31107328765493,1
robusttripworst,Re 2e6,1,10.2363809510919,10.2363809510919,10.2363809510919,10.2363809510919,10.2363809510919,0
robusttripworst,tripped,1,6.8504616135473,6.8504616135473,6.8504616135473,6.8504616135473,6.8504616135473,0
robustworst,design,1,31.9029247044182,31.9029247044182,31.9029247044182,31.9029247044182,31.9029247044182,0
robustworst,Ncrit 5,1,49.2549167644662,49.2549167644662,49.2549167644662,49.2549167644662,49.2549167644662,0
robustworst,Ncrit 7,1,40.2043173724163,40.2043173724163,40.2043173724163,40.2043173724163,40.2043173724163,0
robustworst,Ncrit 11,1,27.0352824056452,27.0352824056452,27.0352824056452,27.0352824056452,27.0352824056452,0
robustworst,Re 0.5e6,1,21.9296171612859,21.9296171612859,21.9296171612859,21.9296171612859,21.9296171612859,0
robustworst,Re 2e6,1,49.2334401066375,49.2334401066375,49.2334401066375,49.2334401066375,49.2334401066375,0
robustworst,tripped,1,3.32534749264612,3.32534749264612,3.32534749264612,3.32534749264612,3.32534749264612,0
